index,steering,throttle_left,throttle_right,direction(front-0/left-1/right-2)
0,4560,13104,13104,0
1,4560,13104,13104,0
2,4560,13104,13104,0
3,4560,13104,13104,0
4,4560,13104,13104,0
5,4560,13104,13104,0
6,4560,13104,13104,0
7,4560,13104,13104,0
8,4560,13104,13104,0
9,4560,13104,13104,0
10,4560,13104,13104,0
11,4560,13104,13104,0
12,4560,13104,13104,0
13,4560,13104,13104,0
14,4560,13104,13104,0
15,4560,13104,13104,0
16,4560,13104,13104,0
17,4560,13104,13104,0
18,4560,13104,13104,0
19,4560,13104,13104,0
20,4560,13104,13104,0
21,4560,13104,13104,0
22,4560,13104,13104,0
23,4560,13104,13104,0
24,4560,13104,13104,0
25,4560,13104,13104,0
26,4560,13104,13104,0
27,4560,13104,13104,0
28,4560,13104,13104,0
29,4560,13104,13104,0
30,4560,13104,13104,0
31,4560,13104,13104,0
32,4560,13104,13104,0
33,4560,13104,13104,0
34,4560,13104,13104,0
35,4560,13104,13104,0
36,4560,13104,13104,0
37,4560,13104,13104,0
38,4560,13104,13104,0
39,4560,13104,13104,0
40,4560,13104,13104,0
41,4560,13104,13104,0
42,4560,13104,13104,0
43,4560,13104,13104,0
44,4560,13104,13104,0
45,4560,13104,13104,0
46,4560,13104,13104,0
47,4560,13104,13104,0
48,4560,13104,13104,0
49,4560,13104,13104,0
50,4560,13104,13104,0
51,4560,13104,13104,0
52,4560,13104,13104,0
53,4560,13104,13104,0
54,4560,13104,13104,0
55,4560,13104,13104,0
56,4560,13104,13104,0
57,4560,13104,13104,0
58,4560,13104,13104,0
59,4560,13104,13104,0
60,4560,13104,13104,0
61,4560,13104,13104,0
62,4560,13104,13104,0
63,4560,13104,13104,0
64,4560,13104,13104,0
65,4560,13104,13104,0
66,4560,13104,13104,0
67,4560,13104,13104,0
68,4560,13104,13104,0
69,4560,13104,13104,0
70,4560,13104,13104,0
71,4560,13104,13104,0
72,4560,13104,13104,0
73,4560,13104,13104,0
74,4560,13104,13104,0
75,4560,13104,13104,0
76,4560,13104,13104,0
77,4560,13104,13104,0
78,4560,13104,13104,0
79,4560,13104,13104,0
80,4560,13104,13104,0
81,4560,13104,13104,0
82,4560,13104,13104,0
83,4560,13104,13104,0
84,4560,13104,13104,0
85,4560,13104,13104,0
86,4560,13104,13104,0
87,4560,13104,13104,0
88,4560,13104,13104,0
89,4560,13104,13104,0
90,4560,13104,13104,0
91,4560,13104,13104,0
92,4560,13104,13104,0
93,4560,13104,13104,0
94,4560,13104,13104,0
95,4560,13104,13104,0
96,4560,13104,13104,0
97,4560,13104,13104,0
98,4560,13104,13104,0
99,4560,13104,13104,0
100,4560,13104,13104,0
101,4560,13104,13104,0
102,4560,13104,13104,0
103,4560,13104,13104,0
104,4560,13104,13104,0
105,4560,13104,13104,0
106,4560,13104,13104,0
107,4560,13104,13104,0
108,4560,13104,13104,0
109,4560,13104,13104,0
110,4560,13104,13104,0
111,4560,13104,13104,0
112,4560,13104,13104,0
113,4560,13104,13104,0
114,4560,13104,13104,0
115,4560,13104,13104,0
116,4560,13104,13104,0
117,4560,13104,13104,0
118,4560,13104,13104,0
119,4560,13104,13104,0
120,4560,13104,13104,0
121,4560,13104,13104,0
122,4560,13104,13104,0
123,4560,13104,13104,0
124,4560,13104,13104,0
125,4560,13104,13104,0
126,4560,13104,13104,0
127,4560,13104,13104,0
128,4560,13104,13104,0
129,4560,13104,13104,0
130,4560,13104,13104,0
131,4560,13104,13104,0
132,4560,13104,13104,0
133,4560,13104,13104,0
134,4560,13104,13104,0
135,4560,13104,13104,0
136,4560,13104,13104,0
137,4560,13104,13104,0
138,4560,13104,13104,0
139,4560,13104,13104,0
140,4560,13104,13104,0
141,4560,13104,13104,0
142,4560,13104,13104,0
143,4560,13104,13104,0
144,4560,13104,13104,0
145,4560,13104,13104,0
146,4560,13104,13104,0
147,4560,13104,13104,0
148,4560,13104,13104,0
149,4560,13104,13104,0
150,4560,13104,13104,0
151,4560,13104,13104,0
152,4560,13104,13104,0
153,4560,13104,13104,0
154,4560,13104,13104,0
155,4560,13104,13104,0
156,4560,13104,13104,0
157,4560,13104,13104,0
158,4560,13104,13104,0
159,4560,13104,13104,0
160,4560,13104,13104,0
161,4560,13104,13104,0
162,4560,13104,13104,0
163,4560,13104,13104,0
164,4560,13104,13104,0
165,4560,13104,13104,0
166,4560,13104,13104,0
167,4560,13104,13104,0
168,4560,13104,13104,0
169,4560,13104,13104,0
170,4560,13104,13104,0
171,4560,13104,13104,0
172,4560,13104,13104,0
173,4560,13104,13104,0
174,5024,13104,13104,2
175,7008,13104,13104,2
176,7008,13104,13104,2
177,7008,13104,13104,2
178,7008,13104,13104,2
179,7008,13104,13104,2
180,7008,13104,13104,2
181,7008,13104,13104,2
182,7008,13104,13104,2
183,4560,13104,13104,0
184,4560,13104,13104,0
185,4560,13104,13104,0
186,4560,13104,13104,0
187,4560,13104,13104,0
188,4560,13104,13104,0
189,4560,13104,13104,0
190,4560,13104,13104,0
191,4560,13104,13104,0
192,4560,13104,13104,0
193,4560,13104,13104,0
194,4560,13104,13104,0
195,4560,13104,13104,0
196,4560,13104,13104,0
197,4560,13104,13104,0
198,4560,13104,13104,0
199,4560,13104,13104,0
200,4560,13104,13104,0
201,4560,13104,13104,0
202,4560,13104,13104,0
203,4560,13104,13104,0
204,4560,13104,13104,0
205,4560,13104,13104,0
206,4560,13104,13104,0
207,4560,13104,13104,0
208,4560,13104,13104,0
209,4560,13104,13104,0
210,4560,13104,13104,0
211,4560,13104,13104,0
212,4560,13104,13104,0
213,4560,13104,13104,0
214,2160,13104,13104,1
215,2096,13104,13104,1
216,2096,13104,13104,1
217,2096,13104,13104,1
218,2096,13104,13104,1
219,2096,13104,13104,1
220,4560,13104,13104,0
221,4560,13104,13104,0
222,4560,13104,13104,0
223,4560,13104,13104,0
224,4560,13104,13104,0
225,4560,13104,13104,0
226,4560,13104,13104,0
227,4560,13104,13104,0
228,4560,13104,13104,0
229,4560,13104,13104,0
230,4560,13104,13104,0
231,4560,13104,13104,0
232,4560,13104,13104,0
233,4560,13104,13104,0
234,4560,13104,13104,0
235,4560,13104,13104,0
236,4560,13104,13104,0
237,4560,13104,13104,0
238,4560,13104,13104,0
239,4560,13104,13104,0
240,4560,13104,13104,0
241,4560,13104,13104,0
242,4560,13104,13104,0
243,4560,13104,13104,0
244,4560,13104,13104,0
245,4560,13104,13104,0
246,4560,13104,13104,0
247,4560,13104,13104,0
248,4560,13104,13104,0
249,4560,13104,13104,0
250,4560,13104,13104,0
251,4560,13104,13104,0
252,4560,13104,13104,0
253,4560,13104,13104,0
254,4560,13104,13104,0
255,4560,13104,13104,0
256,4560,13104,13104,0
257,4560,13104,13104,0
258,4560,13104,13104,0
259,4560,13104,13104,0
260,4560,13104,13104,0
261,4560,13104,13104,0
262,4560,13104,13104,0
263,4560,13104,13104,0
264,4560,13104,13104,0
265,4560,13104,13104,0
266,4560,13104,13104,0
267,4560,13104,13104,0
268,4560,13104,13104,0
269,4560,13104,13104,0
270,4560,13104,13104,0
271,4560,13104,13104,0
272,4560,13104,13104,0
273,5280,13104,13104,2
274,6256,13104,13104,2
275,6944,13104,13104,2
276,7008,13104,13104,2
277,7008,13104,13104,2
278,7008,13104,13104,2
279,4560,13104,13104,0
280,4560,13104,13104,0
281,4560,13104,13104,0
282,4560,13104,13104,0
283,4560,13104,13104,0
284,4560,13104,13104,0
285,4560,13104,13104,0
286,4560,13104,13104,0
287,6816,13104,13104,2
288,7008,13104,13104,2
289,7008,13104,13104,2
290,7008,13104,13104,2
291,5840,13104,13104,2
292,4560,13104,13104,0
293,4560,13104,13104,0
294,4560,13104,13104,0
295,4560,13104,13104,0
296,4560,13104,13104,0
297,4560,13104,13104,0
298,4560,13104,13104,0
299,4560,13104,13104,0
300,4560,13104,13104,0
301,4560,13104,13104,0
302,4560,13104,13104,0
303,4560,13104,13104,0
304,4560,13104,13104,0
305,4560,13104,13104,0
306,4560,13104,13104,0
307,4560,13104,13104,0
308,2096,13104,13104,1
309,2096,13104,13104,1
310,2096,13104,13104,1
311,2096,13104,13104,1
312,2096,13104,13104,1
313,2096,13104,13104,1
314,2096,13104,13104,1
315,2096,13104,13104,1
316,2096,13104,13104,1
317,2096,13104,13104,1
318,2096,13104,13104,1
319,2096,13104,13104,1
320,2096,13104,13104,1
321,2096,13104,13104,1
322,4560,13104,13104,0
323,4560,13104,13104,0
324,4560,13104,13104,0
325,4560,13104,13104,0
326,4560,13104,13104,0
327,4560,13104,13104,0
328,4560,13104,13104,0
329,4560,13104,13104,0
330,7008,13104,13104,2
331,7008,13104,13104,2
332,7008,13104,13104,2
333,7008,13104,13104,2
334,7008,13104,13104,2
335,7008,13104,13104,2
336,7008,13104,13104,2
337,7008,13104,13104,2
338,7008,13104,13104,2
339,7008,13104,13104,2
340,7008,13104,13104,2
341,7008,13104,13104,2
342,7008,13104,13104,2
343,7008,13104,13104,2
344,7008,13104,13104,2
345,7008,13104,13104,2
346,7008,13104,13104,2
347,7008,13104,13104,2
348,7008,13104,13104,2
349,7008,13104,13104,2
350,7008,13104,13104,2
351,7008,13104,13104,2
352,7008,13104,13104,2
353,7008,13104,13104,2
354,7008,13104,13104,2
355,7008,13104,13104,2
356,7008,13104,13104,2
357,7008,13104,13104,2
358,7008,13104,13104,2
359,7008,13104,13104,2
360,7008,13104,13104,2
361,7008,13104,13104,2
362,7008,13104,13104,2
363,7008,13104,13104,2
364,7008,13104,13104,2
365,7008,13104,13104,2
366,7008,13104,13104,2
367,7008,13104,13104,2
368,7008,13104,13104,2
369,7008,13104,13104,2
370,7008,13104,13104,2
371,7008,13104,13104,2
372,7008,13104,13104,2
373,7008,13104,13104,2
374,7008,13104,13104,2
375,7008,13104,13104,2
376,7008,13104,13104,2
377,7008,13104,13104,2
378,7008,13104,13104,2
379,7008,13104,13104,2
380,7008,13104,13104,2
381,7008,13104,13104,2
382,7008,13104,13104,2
383,7008,13104,13104,2
384,7008,13104,13104,2
385,7008,13104,13104,2
386,7008,13104,13104,2
387,7008,13104,13104,2
388,7008,13104,13104,2
389,7008,13104,13104,2
390,7008,13104,13104,2
391,7008,13104,13104,2
392,4560,13104,13104,0
393,4560,13104,13104,0
394,4560,13104,13104,0
395,4560,13104,13104,0
396,4560,13104,13104,0
397,4560,13104,13104,0
398,2096,13104,13104,1
399,2096,13104,13104,1
400,2096,13104,13104,1
401,2096,13104,13104,1
402,2096,13104,13104,1
403,2096,13104,13104,1
404,2096,13104,13104,1
405,2096,13104,13104,1
406,2096,13104,13104,1
407,2096,13104,13104,1
408,2096,13104,13104,1
409,2096,13104,13104,1
410,2096,13104,13104,1
411,4560,13104,13104,0
412,4560,13104,13104,0
413,4560,13104,13104,0
414,4560,13104,13104,0
415,4560,13104,13104,0
416,7008,13104,13104,2
417,7008,13104,13104,2
418,7008,13104,13104,2
419,7008,13104,13104,2
420,7008,13104,13104,2
421,7008,13104,13104,2
422,7008,13104,13104,2
423,7008,13104,13104,2
424,7008,13104,13104,2
425,7008,13104,13104,2
426,7008,13104,13104,2
427,7008,13104,13104,2
428,7008,13104,13104,2
429,7008,13104,13104,2
430,7008,13104,13104,2
431,7008,13104,13104,2
432,7008,13104,13104,2
433,7008,13104,13104,2
434,7008,13104,13104,2
435,7008,13104,13104,2
436,7008,13104,13104,2
437,7008,13104,13104,2
438,7008,13104,13104,2
439,7008,13104,13104,2
440,7008,13104,13104,2
441,7008,13104,13104,2
442,7008,13104,13104,2
443,7008,13104,13104,2
444,7008,13104,13104,2
445,7008,13104,13104,2
446,7008,13104,13104,2
447,7008,13104,13104,2
448,7008,13104,13104,2
449,7008,13104,13104,2
450,7008,13104,13104,2
451,7008,13104,13104,2
452,7008,13104,13104,2
453,7008,13104,13104,2
454,7008,13104,13104,2
455,7008,13104,13104,2
456,7008,13104,13104,2
457,7008,13104,13104,2
458,7008,13104,13104,2
459,7008,13104,13104,2
460,7008,13104,13104,2
461,7008,13104,13104,2
462,7008,13104,13104,2
463,7008,13104,13104,2
464,7008,13104,13104,2
465,7008,13104,13104,2
466,7008,13104,13104,2
467,7008,13104,13104,2
468,7008,13104,13104,2
469,7008,13104,13104,2
470,7008,13104,13104,2
471,7008,13104,13104,2
472,7008,13104,13104,2
473,7008,13104,13104,2
474,7008,13104,13104,2
475,7008,13104,13104,2
476,7008,13104,13104,2
477,7008,13104,13104,2
478,5264,13104,13104,2
479,4560,13104,13104,0
480,4560,13104,13104,0
481,4560,13104,13104,0
482,4560,13104,13104,0
483,7008,13104,13104,2
484,7008,13104,13104,2
485,7008,13104,13104,2
486,7008,13104,13104,2
487,7008,13104,13104,2
488,7008,13104,13104,2
489,7008,13104,13104,2
490,7008,13104,13104,2
491,7008,13104,13104,2
492,7008,13104,13104,2
493,7008,13104,13104,2
494,7008,13104,13104,2
495,7008,13104,13104,2
496,7008,13104,13104,2
497,7008,13104,13104,2
498,7008,13104,13104,2
499,7008,13104,13104,2
500,7008,13104,13104,2
501,7008,13104,13104,2
502,7008,13104,13104,2
503,7008,13104,13104,2
504,7008,13104,13104,2
505,7008,13104,13104,2
506,7008,13104,13104,2
507,7008,13104,13104,2
508,7008,13104,13104,2
509,7008,13104,13104,2
510,7008,13104,13104,2
511,7008,13104,13104,2
512,7008,13104,13104,2
513,7008,13104,13104,2
514,7008,13104,13104,2
515,7008,13104,13104,2
516,7008,13104,13104,2
517,7008,13104,13104,2
518,7008,13104,13104,2
519,7008,13104,13104,2
520,7008,13104,13104,2
521,7008,13104,13104,2
522,7008,13104,13104,2
523,7008,13104,13104,2
524,7008,13104,13104,2
525,7008,13104,13104,2
526,7008,13104,13104,2
527,7008,13104,13104,2
528,7008,13104,13104,2
529,7008,13104,13104,2
530,7008,13104,13104,2
531,7008,13104,13104,2
532,7008,13104,13104,2
533,7008,13104,13104,2
534,7008,13104,13104,2
535,7008,13104,13104,2
536,7008,13104,13104,2
537,7008,13104,13104,2
538,7008,13104,13104,2
539,7008,13104,13104,2
540,7008,13104,13104,2
541,7008,13104,13104,2
542,7008,13104,13104,2
543,7008,13104,13104,2
544,7008,13104,13104,2
545,7008,13104,13104,2
546,7008,13104,13104,2
547,7008,13104,13104,2
548,7008,13104,13104,2
549,7008,13104,13104,2
550,7008,13104,13104,2
551,7008,13104,13104,2
552,7008,13104,13104,2
553,7008,13104,13104,2
554,7008,13104,13104,2
555,7008,13104,13104,2
556,7008,13104,13104,2
557,7008,13104,13104,2
558,7008,13104,13104,2
559,7008,13104,13104,2
560,7008,13104,13104,2
561,7008,13104,13104,2
562,7008,13104,13104,2
563,7008,13104,13104,2
564,7008,13104,13104,2
565,7008,13104,13104,2
566,7008,13104,13104,2
567,7008,13104,13104,2
568,7008,13104,13104,2
569,7008,13104,13104,2
570,7008,13104,13104,2
571,7008,13104,13104,2
572,7008,13104,13104,2
573,7008,13104,13104,2
574,7008,13104,13104,2
575,7008,13104,13104,2
576,7008,13104,13104,2
577,7008,13104,13104,2
578,7008,13104,13104,2
579,7008,13104,13104,2
580,7008,13104,13104,2
581,7008,13104,13104,2
582,7008,13104,13104,2
583,7008,13104,13104,2
584,4560,13104,13104,0
585,4560,13104,13104,0
586,4560,13104,13104,0
587,4560,13104,13104,0
588,4560,13104,13104,0
589,2096,13104,13104,1
590,2096,13104,13104,1
591,2096,13104,13104,1
592,2096,13104,13104,1
593,2096,13104,13104,1
594,2096,13104,13104,1
595,2096,13104,13104,1
596,2096,13104,13104,1
597,2096,13104,13104,1
598,2096,13104,13104,1
599,2096,13104,13104,1
600,2096,13104,13104,1
601,2096,13104,13104,1
602,2096,13104,13104,1
603,2096,13104,13104,1
604,2096,13104,13104,1
605,2096,13104,13104,1
606,2096,13104,13104,1
607,2096,13104,13104,1
608,2096,13104,13104,1
609,2096,13104,13104,1
610,2096,13104,13104,1
611,2096,13104,13104,1
612,2096,13104,13104,1
613,2096,13104,13104,1
614,2096,13104,13104,1
615,2096,13104,13104,1
616,2096,13104,13104,1
617,2096,13104,13104,1
618,2096,13104,13104,1
619,2096,13104,13104,1
620,3200,13104,13104,1
621,3200,13104,13104,1
622,3168,13104,13104,1
623,3168,13104,13104,1
624,4560,13104,13104,0
625,4560,13104,13104,0
626,4560,13104,13104,0
627,4560,13104,13104,0
628,4560,13104,13104,0
629,4560,13104,13104,0
630,4560,13104,13104,0
631,4560,13104,13104,0
632,4560,13104,13104,0
633,4560,13104,13104,0
634,4560,13104,13104,0
635,4560,13104,13104,0
636,4560,13104,13104,0
637,4560,13104,13104,0
638,2096,13104,13104,1
639,2096,13104,13104,1
640,2096,13104,13104,1
641,2096,13104,13104,1
642,2096,13104,13104,1
643,2096,13104,13104,1
644,2096,13104,13104,1
645,2096,13104,13104,1
646,2096,13104,13104,1
647,2096,13104,13104,1
648,2096,13104,13104,1
649,2096,13104,13104,1
650,4560,13104,13104,0
651,4560,13104,13104,0
652,4560,13104,13104,0
653,4560,13104,13104,0
654,4560,13104,13104,0
655,4560,13104,13104,0
656,4560,13104,13104,0
657,4560,13104,13104,0
658,4560,13104,13104,0
659,4560,13104,13104,0
660,4560,13104,13104,0
661,4560,13104,13104,0
662,4560,13104,13104,0
663,4560,13104,13104,0
664,7008,13104,13104,2
665,7008,13104,13104,2
666,7008,13104,13104,2
667,7008,13104,13104,2
668,7008,13104,13104,2
669,7008,13104,13104,2
670,7008,13104,13104,2
671,7008,13104,13104,2
672,7008,13104,13104,2
673,7008,13104,13104,2
674,7008,13104,13104,2
675,7008,13104,13104,2
676,7008,13104,13104,2
677,7008,13104,13104,2
678,7008,13104,13104,2
679,7008,13104,13104,2
680,7008,13104,13104,2
681,7008,13104,13104,2
682,7008,13104,13104,2
683,4560,13104,13104,0
684,4560,13104,13104,0
685,4560,13104,13104,0
686,4560,13104,13104,0
687,4560,13104,13104,0
688,4560,13104,13104,0
689,4560,13104,13104,0
690,4560,13104,13104,0
691,4560,13104,13104,0
692,4560,13104,13104,0
693,4560,13104,13104,0
694,4560,13104,13104,0
695,4560,13104,13104,0
696,4560,13104,13104,0
697,6848,13104,13104,2
698,7008,13104,13104,2
699,7008,13104,13104,2
700,7008,13104,13104,2
701,7008,13104,13104,2
702,7008,13104,13104,2
703,7008,13104,13104,2
704,7008,13104,13104,2
705,7008,13104,13104,2
706,7008,13104,13104,2
707,7008,13104,13104,2
708,7008,13104,13104,2
709,7008,13104,13104,2
710,7008,13104,13104,2
711,7008,13104,13104,2
712,7008,13104,13104,2
713,7008,13104,13104,2
714,7008,13104,13104,2
715,7008,13104,13104,2
716,7008,13104,13104,2
717,7008,13104,13104,2
718,7008,13104,13104,2
719,7008,13104,13104,2
720,7008,13104,13104,2
721,7008,13104,13104,2
722,7008,13104,13104,2
723,7008,13104,13104,2
724,7008,13104,13104,2
725,7008,13104,13104,2
726,7008,13104,13104,2
727,7008,13104,13104,2
728,7008,13104,13104,2
729,7008,13104,13104,2
730,7008,13104,13104,2
731,7008,13104,13104,2
732,7008,13104,13104,2
733,7008,13104,13104,2
734,7008,13104,13104,2
735,7008,13104,13104,2
736,7008,13104,13104,2
737,7008,13104,13104,2
738,7008,13104,13104,2
739,7008,13104,13104,2
740,7008,13104,13104,2
741,7008,13104,13104,2
742,7008,13104,13104,2
743,7008,13104,13104,2
744,7008,13104,13104,2
745,7008,13104,13104,2
746,7008,13104,13104,2
747,7008,13104,13104,2
748,7008,13104,13104,2
749,7008,13104,13104,2
750,7008,13104,13104,2
751,7008,13104,13104,2
752,7008,13104,13104,2
753,7008,13104,13104,2
754,7008,13104,13104,2
755,7008,13104,13104,2
756,7008,13104,13104,2
757,7008,13104,13104,2
758,7008,13104,13104,2
759,7008,13104,13104,2
760,7008,13104,13104,2
761,7008,13104,13104,2
762,7008,13104,13104,2
763,7008,13104,13104,2
764,7008,13104,13104,2
765,7008,13104,13104,2
766,7008,13104,13104,2
767,7008,13104,13104,2
768,6480,13104,13104,2
769,4560,13104,13104,0
770,4560,13104,13104,0
771,4560,13104,13104,0
772,4560,13104,13104,0
773,4560,13104,13104,0
774,4560,13104,13104,0
775,4560,13104,13104,0
776,4560,13104,13104,0
777,4560,13104,13104,0
778,2096,13104,13104,1
779,2096,13104,13104,1
780,2096,13104,13104,1
781,2096,13104,13104,1
782,2096,13104,13104,1
783,2096,13104,13104,1
784,2096,13104,13104,1
785,2096,13104,13104,1
786,2320,13104,13104,1
787,4560,13104,13104,0
788,4560,13104,13104,0
789,4560,13104,13104,0
790,7008,13104,13104,2
791,7008,13104,13104,2
792,7008,13104,13104,2
793,7008,13104,13104,2
794,7008,13104,13104,2
795,7008,13104,13104,2
796,7008,13104,13104,2
797,7008,13104,13104,2
798,7008,13104,13104,2
799,7008,13104,13104,2
800,7008,13104,13104,2
801,7008,13104,13104,2
802,7008,13104,13104,2
803,7008,13104,13104,2
804,7008,13104,13104,2
805,7008,13104,13104,2
806,7008,13104,13104,2
807,7008,13104,13104,2
808,7008,13104,13104,2
809,7008,13104,13104,2
810,7008,13104,13104,2
811,7008,13104,13104,2
812,7008,13104,13104,2
813,7008,13104,13104,2
814,7008,13104,13104,2
815,7008,13104,13104,2
816,7008,13104,13104,2
817,7008,13104,13104,2
818,7008,13104,13104,2
819,7008,13104,13104,2
820,7008,13104,13104,2
821,7008,13104,13104,2
822,7008,13104,13104,2
823,7008,13104,13104,2
824,7008,13104,13104,2
825,7008,13104,13104,2
826,7008,13104,13104,2
827,7008,13104,13104,2
828,7008,13104,13104,2
829,7008,13104,13104,2
830,7008,13104,13104,2
831,7008,13104,13104,2
832,7008,13104,13104,2
833,7008,13104,13104,2
834,7008,13104,13104,2
835,7008,13104,13104,2
836,4560,13104,13104,0
837,4560,13104,13104,0
838,4560,13104,13104,0
839,4560,13104,13104,0
840,5280,13104,13104,2
841,7008,13104,13104,2
842,7008,13104,13104,2
843,7008,13104,13104,2
844,7008,13104,13104,2
845,7008,13104,13104,2
846,4560,13104,13104,0
847,4560,13104,13104,0
848,4560,13104,13104,0
849,4560,13104,13104,0
850,4560,13104,13104,0
851,4560,13104,13104,0
852,4560,13104,13104,0
853,4560,13104,13104,0
854,4560,13104,13104,0
855,4560,13104,13104,0
856,4560,13104,13104,0
857,4560,13104,13104,0
858,4560,13104,13104,0
859,4560,13104,13104,0
860,4560,13104,13104,0
861,4560,13104,13104,0
862,4560,13104,13104,0
863,4560,13104,13104,0
864,4560,13104,13104,0
865,4560,13104,13104,0
866,4560,13104,13104,0
867,4560,13104,13104,0
868,4560,13104,13104,0
869,4560,13104,13104,0
870,4560,13104,13104,0
871,4560,13104,13104,0
872,4560,13104,13104,0
873,4560,13104,13104,0
874,4560,13104,13104,0
875,4560,13104,13104,0
876,4560,13104,13104,0
877,4560,13104,13104,0
878,4560,13104,13104,0
879,4560,13104,13104,0
880,4560,13104,13104,0
881,4560,13104,13104,0
882,4560,13104,13104,0
883,2096,13104,13104,1
884,2096,13104,13104,1
885,2096,13104,13104,1
886,2096,13104,13104,1
887,2096,13104,13104,1
888,2096,13104,13104,1
889,2096,13104,13104,1
890,2096,13104,13104,1
891,2096,13104,13104,1
892,2096,13104,13104,1
893,2096,13104,13104,1
894,2096,13104,13104,1
895,2096,13104,13104,1
896,4560,13104,13104,0
897,4560,13104,13104,0
898,4560,13104,13104,0
899,4560,13104,13104,0
900,4560,13104,13104,0
901,4560,13104,13104,0
902,4560,13104,13104,0
903,4560,13104,13104,0
904,4560,13104,13104,0
905,4560,13104,13104,0
906,4560,13104,13104,0
907,4560,13104,13104,0
908,5200,13104,13104,2
909,6320,13104,13104,2
910,6576,13104,13104,2
911,6592,13104,13104,2
912,6592,13104,13104,2
913,6592,13104,13104,2
914,7008,13104,13104,2
915,7008,13104,13104,2
916,7008,13104,13104,2
917,7008,13104,13104,2
918,7008,13104,13104,2
919,7008,13104,13104,2
920,7008,13104,13104,2
921,7008,13104,13104,2
922,7008,13104,13104,2
923,7008,13104,13104,2
924,7008,13104,13104,2
925,7008,13104,13104,2
926,4560,13104,13104,0
927,4560,13104,13104,0
928,4560,13104,13104,0
929,4560,13104,13104,0
930,4560,13104,13104,0
931,4560,13104,13104,0
932,4560,13104,13104,0
933,4560,13104,13104,0
934,4560,13104,13104,0
935,4560,13104,13104,0
936,4560,13104,13104,0
937,4560,13104,13104,0
938,4560,13104,13104,0
939,4560,13104,13104,0
940,4560,13104,13104,0
941,4560,13104,13104,0
942,4560,13104,13104,0
943,4560,13104,13104,0
944,4560,13104,13104,0
945,4560,13104,13104,0
946,4560,13104,13104,0
947,4560,13104,13104,0
948,7008,13104,13104,2
949,7008,13104,13104,2
950,7008,13104,13104,2
951,7008,13104,13104,2
952,7008,13104,13104,2
953,7008,13104,13104,2
954,7008,13104,13104,2
955,7008,13104,13104,2
956,7008,13104,13104,2
957,7008,13104,13104,2
958,7008,13104,13104,2
959,7008,13104,13104,2
960,7008,13104,13104,2
961,7008,13104,13104,2
962,7008,13104,13104,2
963,7008,13104,13104,2
964,7008,13104,13104,2
965,7008,13104,13104,2
966,7008,13104,13104,2
967,7008,13104,13104,2
968,7008,13104,13104,2
969,7008,13104,13104,2
970,7008,13104,13104,2
971,7008,13104,13104,2
972,7008,13104,13104,2
973,7008,13104,13104,2
974,7008,13104,13104,2
975,7008,13104,13104,2
976,7008,13104,13104,2
977,7008,13104,13104,2
978,7008,13104,13104,2
979,7008,13104,13104,2
980,7008,13104,13104,2
981,7008,13104,13104,2
982,4560,13104,13104,0
983,4560,13104,13104,0
984,4560,13104,13104,0
985,4560,13104,13104,0
986,4560,13104,13104,0
987,4560,13104,13104,0
988,4560,13104,13104,0
989,4560,13104,13104,0
990,4560,13104,13104,0
991,3504,13104,13104,1
992,2096,13104,13104,1
993,2096,13104,13104,1
994,2096,13104,13104,1
995,2096,13104,13104,1
996,2096,13104,13104,1
997,2096,13104,13104,1
998,2096,13104,13104,1
999,2096,13104,13104,1
1000,2096,13104,13104,1
1001,2096,13104,13104,1
1002,2096,13104,13104,1
1003,2096,13104,13104,1
1004,2096,13104,13104,1
1005,2096,13104,13104,1
1006,2096,13104,13104,1
1007,2096,13104,13104,1
1008,2096,13104,13104,1
1009,4560,13104,13104,0
1010,4560,13104,13104,0
1011,4560,13104,13104,0
1012,4560,13104,13104,0
1013,4560,13104,13104,0
1014,4560,13104,13104,0
1015,4560,13104,13104,0
1016,4560,13104,13104,0
1017,4560,13104,13104,0
1018,4560,13104,13104,0
1019,4560,13104,13104,0
1020,4560,13104,13104,0
1021,4560,13104,13104,0
1022,4560,13104,13104,0
1023,4560,13104,13104,0
1024,4560,13104,13104,0
1025,4560,13104,13104,0
1026,4560,13104,13104,0
1027,2096,13104,13104,1
1028,2096,13104,13104,1
1029,2096,13104,13104,1
1030,2096,13104,13104,1
1031,2096,13104,13104,1
1032,2096,13104,13104,1
1033,2096,13104,13104,1
1034,2096,13104,13104,1
1035,2096,13104,13104,1
1036,2096,13104,13104,1
1037,2096,13104,13104,1
1038,4560,13104,13104,0
1039,4560,13104,13104,0
1040,4560,13104,13104,0
1041,4560,13104,13104,0
1042,4560,13104,13104,0
1043,4560,13104,13104,0
1044,4560,13104,13104,0
1045,4560,13104,13104,0
1046,4560,13104,13104,0
1047,4560,13104,13104,0
1048,4560,13104,13104,0
1049,4560,13104,13104,0
1050,7008,13104,13104,2
1051,7008,13104,13104,2
1052,7008,13104,13104,2
1053,7008,13104,13104,2
1054,7008,13104,13104,2
1055,7008,13104,13104,2
1056,7008,13104,13104,2
1057,7008,13104,13104,2
1058,7008,13104,13104,2
1059,7008,13104,13104,2
1060,7008,13104,13104,2
1061,7008,13104,13104,2
1062,7008,13104,13104,2
1063,7008,13104,13104,2
1064,7008,13104,13104,2
1065,7008,13104,13104,2
1066,7008,13104,13104,2
1067,7008,13104,13104,2
1068,7008,13104,13104,2
1069,7008,13104,13104,2
1070,7008,13104,13104,2
1071,7008,13104,13104,2
1072,7008,13104,13104,2
1073,7008,13104,13104,2
1074,7008,13104,13104,2
1075,7008,13104,13104,2
1076,7008,13104,13104,2
1077,4560,13104,13104,0
1078,4560,13104,13104,0
1079,4560,13104,13104,0
1080,4560,13104,13104,0
1081,4560,13104,13104,0
1082,4560,13104,13104,0
1083,4560,13104,13104,0
1084,4560,13104,13104,0
1085,4560,13104,13104,0
1086,5584,13104,13104,2
1087,7008,13104,13104,2
1088,7008,13104,13104,2
1089,7008,13104,13104,2
1090,7008,13104,13104,2
1091,7008,13104,13104,2
1092,7008,13104,13104,2
1093,7008,13104,13104,2
1094,7008,13104,13104,2
1095,7008,13104,13104,2
1096,7008,13104,13104,2
1097,7008,13104,13104,2
1098,7008,13104,13104,2
1099,7008,13104,13104,2
1100,7008,13104,13104,2
1101,7008,13104,13104,2
1102,7008,13104,13104,2
1103,7008,13104,13104,2
1104,7008,13104,13104,2
1105,7008,13104,13104,2
1106,7008,13104,13104,2
1107,7008,13104,13104,2
1108,7008,13104,13104,2
1109,7008,13104,13104,2
1110,7008,13104,13104,2
1111,7008,13104,13104,2
1112,7008,13104,13104,2
1113,7008,13104,13104,2
1114,7008,13104,13104,2
1115,7008,13104,13104,2
1116,7008,13104,13104,2
1117,7008,13104,13104,2
1118,7008,13104,13104,2
1119,7008,13104,13104,2
1120,7008,13104,13104,2
1121,7008,13104,13104,2
1122,7008,13104,13104,2
1123,7008,13104,13104,2
1124,7008,13104,13104,2
1125,7008,13104,13104,2
1126,7008,13104,13104,2
1127,7008,13104,13104,2
1128,7008,13104,13104,2
1129,7008,13104,13104,2
1130,7008,13104,13104,2
1131,7008,13104,13104,2
1132,7008,13104,13104,2
1133,7008,13104,13104,2
1134,7008,13104,13104,2
1135,7008,13104,13104,2
1136,7008,13104,13104,2
1137,7008,13104,13104,2
1138,7008,13104,13104,2
1139,7008,13104,13104,2
1140,7008,13104,13104,2
1141,7008,13104,13104,2
1142,7008,13104,13104,2
1143,7008,13104,13104,2
1144,7008,13104,13104,2
1145,7008,13104,13104,2
1146,7008,13104,13104,2
1147,7008,13104,13104,2
1148,7008,13104,13104,2
1149,7008,13104,13104,2
1150,7008,13104,13104,2
1151,7008,13104,13104,2
1152,7008,13104,13104,2
1153,7008,13104,13104,2
1154,7008,13104,13104,2
1155,7008,13104,13104,2
1156,7008,13104,13104,2
1157,7008,13104,13104,2
1158,7008,13104,13104,2
1159,7008,13104,13104,2
1160,7008,13104,13104,2
1161,7008,13104,13104,2
1162,7008,13104,13104,2
1163,7008,13104,13104,2
1164,7008,13104,13104,2
1165,7008,13104,13104,2
1166,7008,13104,13104,2
1167,7008,13104,13104,2
1168,7008,13104,13104,2
1169,7008,13104,13104,2
1170,7008,13104,13104,2
1171,7008,13104,13104,2
1172,7008,13104,13104,2
1173,7008,13104,13104,2
1174,7008,13104,13104,2
1175,7008,13104,13104,2
1176,7008,13104,13104,2
1177,7008,13104,13104,2
1178,7008,13104,13104,2
1179,7008,13104,13104,2
1180,7008,13104,13104,2
1181,7008,13104,13104,2
1182,7008,13104,13104,2
1183,7008,13104,13104,2
1184,7008,13104,13104,2
1185,7008,13104,13104,2
1186,7008,13104,13104,2
1187,7008,13104,13104,2
1188,7008,13104,13104,2
1189,7008,13104,13104,2
1190,7008,13104,13104,2
1191,7008,13104,13104,2
1192,7008,13104,13104,2
1193,7008,13104,13104,2
1194,7008,13104,13104,2
1195,7008,13104,13104,2
1196,7008,13104,13104,2
1197,7008,13104,13104,2
1198,7008,13104,13104,2
1199,7008,13104,13104,2
1200,7008,13104,13104,2
1201,7008,13104,13104,2
1202,7008,13104,13104,2
1203,7008,13104,13104,2
1204,7008,13104,13104,2
1205,7008,13104,13104,2
1206,7008,13104,13104,2
1207,7008,13104,13104,2
1208,7008,13104,13104,2
1209,7008,13104,13104,2
1210,7008,13104,13104,2
1211,7008,13104,13104,2
1212,7008,13104,13104,2
1213,7008,13104,13104,2
1214,7008,13104,13104,2
1215,7008,13104,13104,2
1216,7008,13104,13104,2
1217,4560,13104,13104,0
1218,4560,13104,13104,0
1219,4560,13104,13104,0
1220,4560,13104,13104,0
1221,4560,13104,13104,0
1222,4560,13104,13104,0
1223,4560,13104,13104,0
1224,4560,13104,13104,0
1225,4560,13104,13104,0
1226,4560,13104,13104,0
1227,4560,13104,13104,0
1228,2096,13104,13104,1
1229,2096,13104,13104,1
1230,2096,13104,13104,1
1231,2096,13104,13104,1
1232,2096,13104,13104,1
1233,2096,13104,13104,1
1234,2096,13104,13104,1
1235,4560,13104,13104,0
1236,4560,13104,13104,0
1237,4560,13104,13104,0
1238,4560,13104,13104,0
1239,4560,13104,13104,0
1240,4560,13104,13104,0
1241,4560,13104,13104,0
1242,4560,13104,13104,0
1243,4560,13104,13104,0
1244,4560,13104,13104,0
1245,4560,13104,13104,0
1246,7008,13104,13104,2
1247,7008,13104,13104,2
1248,7008,13104,13104,2
1249,7008,13104,13104,2
1250,7008,13104,13104,2
1251,7008,13104,13104,2
1252,7008,13104,13104,2
1253,7008,13104,13104,2
1254,4560,13104,13104,0
1255,4560,13104,13104,0
1256,4560,13104,13104,0
1257,4560,13104,13104,0
1258,4560,13104,13104,0
1259,4560,13104,13104,0
1260,4560,13104,13104,0
1261,4560,13104,13104,0
1262,4560,13104,13104,0
1263,4560,13104,13104,0
1264,4560,13104,13104,0
1265,4560,13104,13104,0
1266,4560,13104,13104,0
1267,4560,13104,13104,0
1268,4560,13104,13104,0
1269,4560,13104,13104,0
1270,4560,13104,13104,0
1271,4560,13104,13104,0
1272,4560,13104,13104,0
1273,4560,13104,13104,0
1274,4560,13104,13104,0
1275,4560,13104,13104,0
1276,4560,13104,13104,0
1277,4560,13104,13104,0
1278,4560,13104,13104,0
1279,4560,13104,13104,0
1280,4560,13104,13104,0
1281,4560,13104,13104,0
1282,4560,13104,13104,0
1283,4560,13104,13104,0
1284,4560,13104,13104,0
1285,4560,13104,13104,0
1286,4560,13104,13104,0
1287,4560,13104,13104,0
1288,4560,13104,13104,0
1289,4560,13104,13104,0
1290,4560,13104,13104,0
1291,4560,13104,13104,0
1292,4560,13104,13104,0
1293,4560,13104,13104,0
1294,4560,13104,13104,0
1295,4560,13104,13104,0
1296,4560,13104,13104,0
1297,4560,13104,13104,0
1298,4560,13104,13104,0
1299,4560,13104,13104,0
1300,4560,13104,13104,0
1301,4560,13104,13104,0
1302,4560,13104,13104,0
1303,4560,13104,13104,0
1304,4560,13104,13104,0
1305,4560,13104,13104,0
1306,4560,13104,13104,0
1307,4560,13104,13104,0
1308,4560,13104,13104,0
1309,4560,13104,13104,0
1310,4560,13104,13104,0
1311,4560,13104,13104,0
1312,4560,13104,13104,0
1313,4560,13104,13104,0
1314,4560,13104,13104,0
1315,4560,13104,13104,0
1316,4560,13104,13104,0
1317,4560,13104,13104,0
1318,4560,13104,13104,0
1319,4560,13104,13104,0
1320,4560,13104,13104,0
1321,4560,13104,13104,0
1322,4560,13104,13104,0
1323,4560,13104,13104,0
1324,4560,13104,13104,0
1325,4560,13104,13104,0
1326,4560,13104,13104,0
1327,4560,13104,13104,0
1328,4560,13104,13104,0
1329,4560,13104,13104,0
1330,4560,13104,13104,0
1331,4560,13104,13104,0
1332,4560,13104,13104,0
1333,4560,13104,13104,0
1334,4560,13104,13104,0
1335,4560,13104,13104,0
1336,4560,13104,13104,0
1337,4560,13104,13104,0
1338,4560,13104,13104,0
1339,4560,13104,13104,0
1340,4560,13104,13104,0
1341,4560,13104,13104,0
1342,4560,13104,13104,0
1343,4560,13104,13104,0
1344,3904,13104,13104,1
1345,2720,13104,13104,1
1346,2688,13104,13104,1
1347,2688,13104,13104,1
1348,4560,13104,13104,0
1349,4560,13104,13104,0
1350,4560,13104,13104,0
1351,4560,13104,13104,0
1352,4560,13104,13104,0
1353,4560,13104,13104,0
1354,4560,13104,13104,0
1355,4560,13104,13104,0
1356,4560,13104,13104,0
1357,4560,13104,13104,0
1358,4560,13104,13104,0
1359,4560,13104,13104,0
1360,4560,13104,13104,0
1361,4560,13104,13104,0
1362,4560,13104,13104,0
1363,4560,13104,13104,0
1364,4560,13104,13104,0
1365,4560,13104,13104,0
1366,4560,13104,13104,0
1367,4560,13104,13104,0
1368,4560,13104,13104,0
1369,4560,13104,13104,0
1370,4560,13104,13104,0
1371,4560,13104,13104,0
1372,4560,13104,13104,0
1373,4560,13104,13104,0
1374,4560,13104,13104,0
1375,5248,13104,13104,2
1376,7008,13104,13104,2
1377,7008,13104,13104,2
1378,7008,13104,13104,2
1379,7008,13104,13104,2
1380,7008,13104,13104,2
1381,7008,13104,13104,2
1382,7008,13104,13104,2
1383,7008,13104,13104,2
1384,7008,13104,13104,2
1385,7008,13104,13104,2
1386,7008,13104,13104,2
1387,7008,13104,13104,2
1388,7008,13104,13104,2
1389,7008,13104,13104,2
1390,7008,13104,13104,2
1391,7008,13104,13104,2
1392,7008,13104,13104,2
1393,7008,13104,13104,2
1394,4560,13104,13104,0
1395,4560,13104,13104,0
1396,4560,13104,13104,0
1397,4560,13104,13104,0
1398,4560,13104,13104,0
1399,4560,13104,13104,0
1400,4560,13104,13104,0
1401,4560,13104,13104,0
1402,4560,13104,13104,0
1403,4560,13104,13104,0
1404,4560,13104,13104,0
1405,4560,13104,13104,0
1406,4560,13104,13104,0
1407,2608,13104,13104,1
1408,2096,13104,13104,1
1409,2096,13104,13104,1
1410,2096,13104,13104,1
1411,2096,13104,13104,1
1412,3152,13104,13104,1
1413,4560,13104,13104,0
1414,4560,13104,13104,0
1415,4560,13104,13104,0
1416,4560,13104,13104,0
1417,4560,13104,13104,0
1418,4560,13104,13104,0
1419,4560,13104,13104,0
1420,4560,13104,13104,0
1421,4560,13104,13104,0
1422,4560,13104,13104,0
1423,5264,13104,13104,2
1424,7008,13104,13104,2
1425,7008,13104,13104,2
1426,7008,13104,13104,2
1427,7008,13104,13104,2
1428,7008,13104,13104,2
1429,7008,13104,13104,2
1430,7008,13104,13104,2
1431,7008,13104,13104,2
1432,6912,13104,13104,2
1433,4560,13104,13104,0
1434,4560,13104,13104,0
1435,4560,13104,13104,0
1436,4560,13104,13104,0
1437,4560,13104,13104,0
1438,7008,13104,13104,2
1439,7008,13104,13104,2
1440,7008,13104,13104,2
1441,7008,13104,13104,2
1442,7008,13104,13104,2
1443,7008,13104,13104,2
1444,7008,13104,13104,2
1445,4560,13104,13104,0
1446,4560,13104,13104,0
1447,4560,13104,13104,0
1448,4560,13104,13104,0
1449,4560,13104,13104,0
1450,4560,13104,13104,0
1451,4560,13104,13104,0
1452,4560,13104,13104,0
1453,4560,13104,13104,0
1454,4560,13104,13104,0
1455,4560,13104,13104,0
1456,4560,13104,13104,0
1457,4560,13104,13104,0
1458,4560,13104,13104,0
1459,4560,13104,13104,0
1460,4560,13104,13104,0
1461,4560,13104,13104,0
1462,4560,13104,13104,0
1463,4560,13104,13104,0
1464,5168,13104,13104,2
1465,6368,13104,13104,2
1466,7008,13104,13104,2
1467,7008,13104,13104,2
1468,7008,13104,13104,2
1469,7008,13104,13104,2
1470,7008,13104,13104,2
1471,7008,13104,13104,2
1472,4560,13104,13104,0
1473,4560,13104,13104,0
1474,4560,13104,13104,0
1475,4560,13104,13104,0
1476,4560,13104,13104,0
1477,6624,13104,13104,2
1478,7008,13104,13104,2
1479,7008,13104,13104,2
1480,7008,13104,13104,2
1481,7008,13104,13104,2
1482,7008,13104,13104,2
1483,7008,13104,13104,2
1484,7008,13104,13104,2
1485,7008,13104,13104,2
1486,7008,13104,13104,2
1487,7008,13104,13104,2
1488,7008,13104,13104,2
1489,7008,13104,13104,2
1490,7008,13104,13104,2
1491,6480,13104,13104,2
1492,4560,13104,13104,0
1493,4560,13104,13104,0
1494,4560,13104,13104,0
1495,4560,13104,13104,0
1496,4560,13104,13104,0
1497,5376,13104,13104,2
1498,7008,13104,13104,2
1499,7008,13104,13104,2
1500,7008,13104,13104,2
1501,7008,13104,13104,2
1502,7008,13104,13104,2
1503,7008,13104,13104,2
1504,7008,13104,13104,2
1505,7008,13104,13104,2
1506,7008,13104,13104,2
1507,7008,13104,13104,2
1508,7008,13104,13104,2
1509,7008,13104,13104,2
1510,7008,13104,13104,2
1511,7008,13104,13104,2
1512,7008,13104,13104,2
1513,7008,13104,13104,2
1514,7008,13104,13104,2
1515,7008,13104,13104,2
1516,7008,13104,13104,2
1517,7008,13104,13104,2
1518,7008,13104,13104,2
1519,7008,13104,13104,2
1520,7008,13104,13104,2
1521,7008,13104,13104,2
1522,7008,13104,13104,2
1523,7008,13104,13104,2
1524,7008,13104,13104,2
1525,7008,13104,13104,2
1526,7008,13104,13104,2
1527,7008,13104,13104,2
1528,7008,13104,13104,2
1529,7008,13104,13104,2
1530,7008,13104,13104,2
1531,7008,13104,13104,2
1532,7008,13104,13104,2
1533,7008,13104,13104,2
1534,7008,13104,13104,2
1535,7008,13104,13104,2
1536,7008,13104,13104,2
1537,7008,13104,13104,2
1538,7008,13104,13104,2
1539,7008,13104,13104,2
1540,7008,13104,13104,2
1541,7008,13104,13104,2
1542,7008,13104,13104,2
1543,7008,13104,13104,2
1544,7008,13104,13104,2
1545,7008,13104,13104,2
1546,7008,13104,13104,2
1547,7008,13104,13104,2
1548,7008,13104,13104,2
1549,7008,13104,13104,2
1550,7008,13104,13104,2
1551,7008,13104,13104,2
1552,7008,13104,13104,2
1553,7008,13104,13104,2
1554,7008,13104,13104,2
1555,4560,13104,13104,0
1556,4560,13104,13104,0
1557,4560,13104,13104,0
1558,4560,13104,13104,0
1559,4560,13104,13104,0
1560,4560,13104,13104,0
1561,4560,13104,13104,0
1562,4560,13104,13104,0
1563,4560,13104,13104,0
1564,4560,13104,13104,0
1565,4560,13104,13104,0
1566,4560,13104,13104,0
1567,2096,13104,13104,1
1568,2096,13104,13104,1
1569,2096,13104,13104,1
1570,2096,13104,13104,1
1571,2096,13104,13104,1
1572,2096,13104,13104,1
1573,2096,13104,13104,1
1574,4560,13104,13104,0
1575,4560,13104,13104,0
1576,4560,13104,13104,0
1577,4560,13104,13104,0
1578,4560,13104,13104,0
1579,4560,13104,13104,0
1580,7008,13104,13104,2
1581,7008,13104,13104,2
1582,7008,13104,13104,2
1583,7008,13104,13104,2
1584,7008,13104,13104,2
1585,7008,13104,13104,2
1586,7008,13104,13104,2
1587,4560,13104,13104,0
1588,4560,13104,13104,0
1589,4560,13104,13104,0
1590,4560,13104,13104,0
1591,5744,13104,13104,2
1592,4560,13104,13104,0
1593,4560,13104,13104,0
1594,4560,13104,13104,0
1595,4560,13104,13104,0
1596,4560,13104,13104,0
1597,4560,13104,13104,0
1598,4560,13104,13104,0
1599,4560,13104,13104,0
1600,4560,13104,13104,0
1601,4560,13104,13104,0
1602,4560,13104,13104,0
1603,4560,13104,13104,0
1604,4560,13104,13104,0
1605,2096,13104,13104,1
1606,2096,13104,13104,1
1607,2096,13104,13104,1
1608,2096,13104,13104,1
1609,2096,13104,13104,1
1610,4560,13104,13104,0
1611,4560,13104,13104,0
1612,4560,13104,13104,0
1613,4560,13104,13104,0
1614,4560,13104,13104,0
1615,4560,13104,13104,0
1616,4560,13104,13104,0
1617,4560,13104,13104,0
1618,4560,13104,13104,0
1619,4560,13104,13104,0
1620,4560,13104,13104,0
1621,4560,13104,13104,0
1622,4560,13104,13104,0
1623,6128,13104,13104,2
1624,7008,13104,13104,2
1625,7008,13104,13104,2
1626,7008,13104,13104,2
1627,4560,13104,13104,0
1628,4560,13104,13104,0
1629,4560,13104,13104,0
1630,4560,13104,13104,0
1631,4560,13104,13104,0
1632,4560,13104,13104,0
1633,4560,13104,13104,0
1634,4560,13104,13104,0
1635,4560,13104,13104,0
1636,4560,13104,13104,0
1637,4560,13104,13104,0
1638,4560,13104,13104,0
1639,4560,13104,13104,0
1640,4560,13104,13104,0
1641,4560,13104,13104,0
1642,4560,13104,13104,0
1643,4560,13104,13104,0
1644,4560,13104,13104,0
1645,4560,13104,13104,0
1646,4560,13104,13104,0
1647,4560,13104,13104,0
1648,4560,13104,13104,0
1649,4560,13104,13104,0
1650,4560,13104,13104,0
1651,4560,13104,13104,0
1652,4560,13104,13104,0
1653,4560,13104,13104,0
1654,4560,13104,13104,0
1655,4560,13104,13104,0
1656,4560,13104,13104,0
1657,4560,13104,13104,0
1658,4560,13104,13104,0
1659,4560,13104,13104,0
1660,4560,13104,13104,0
1661,4560,13104,13104,0
1662,4560,13104,13104,0
1663,4560,13104,13104,0
1664,4560,13104,13104,0
1665,4560,13104,13104,0
1666,4560,13104,13104,0
1667,4560,13104,13104,0
1668,4560,13104,13104,0
1669,4560,13104,13104,0
1670,4560,13104,13104,0
1671,4560,13104,13104,0
1672,4560,13104,13104,0
1673,4560,13104,13104,0
1674,4560,13104,13104,0
1675,4560,13104,13104,0
1676,4560,13104,13104,0
1677,4560,13104,13104,0
1678,4560,13104,13104,0
1679,4560,13104,13104,0
1680,4560,13104,13104,0
1681,4560,13104,13104,0
1682,4560,13104,13104,0
1683,4560,13104,13104,0
1684,4560,13104,13104,0
1685,4560,13104,13104,0
1686,4560,13104,13104,0
1687,4560,13104,13104,0
1688,4560,13104,13104,0
1689,4560,13104,13104,0
1690,4560,13104,13104,0
1691,4560,13104,13104,0
1692,4560,13104,13104,0
1693,4560,13104,13104,0
1694,4560,13104,13104,0
1695,4560,13104,13104,0
1696,4560,13104,13104,0
1697,4560,13104,13104,0
1698,4560,13104,13104,0
1699,4560,13104,13104,0
1700,4560,13104,13104,0
1701,4560,13104,13104,0
1702,4560,13104,13104,0
1703,4560,13104,13104,0
1704,4560,13104,13104,0
1705,4560,13104,13104,0
1706,4560,13104,13104,0
1707,4560,13104,13104,0
1708,4560,13104,13104,0
1709,4560,13104,13104,0
1710,4560,13104,13104,0
1711,4560,13104,13104,0
1712,4560,13104,13104,0
1713,4560,13104,13104,0
1714,6256,13104,13104,2
1715,7008,13104,13104,2
1716,7008,13104,13104,2
1717,7008,13104,13104,2
1718,7008,13104,13104,2
1719,7008,13104,13104,2
1720,7008,13104,13104,2
1721,6096,13104,13104,2
1722,4560,13104,13104,0
1723,4560,13104,13104,0
1724,4560,13104,13104,0
1725,4560,13104,13104,0
1726,4240,13104,13104,0
1727,2096,13104,13104,1
1728,2096,13104,13104,1
1729,2096,13104,13104,1
1730,2096,13104,13104,1
1731,2096,13104,13104,1
1732,2096,13104,13104,1
1733,2096,13104,13104,1
1734,2096,13104,13104,1
1735,2096,13104,13104,1
1736,2096,13104,13104,1
1737,2096,13104,13104,1
1738,2096,13104,13104,1
1739,2096,13104,13104,1
1740,2096,13104,13104,1
1741,2096,13104,13104,1
1742,2096,13104,13104,1
1743,2096,13104,13104,1
1744,2096,13104,13104,1
1745,2096,13104,13104,1
1746,2096,13104,13104,1
1747,4560,13104,13104,0
1748,4560,13104,13104,0
1749,4560,13104,13104,0
1750,4560,13104,13104,0
1751,4560,13104,13104,0
1752,5616,13104,13104,2
1753,7008,13104,13104,2
1754,7008,13104,13104,2
1755,7008,13104,13104,2
1756,7008,13104,13104,2
1757,7008,13104,13104,2
1758,7008,13104,13104,2
1759,7008,13104,13104,2
1760,7008,13104,13104,2
1761,7008,13104,13104,2
1762,7008,13104,13104,2
1763,7008,13104,13104,2
1764,7008,13104,13104,2
1765,7008,13104,13104,2
1766,7008,13104,13104,2
1767,7008,13104,13104,2
1768,7008,13104,13104,2
1769,7008,13104,13104,2
1770,7008,13104,13104,2
1771,7008,13104,13104,2
1772,7008,13104,13104,2
1773,7008,13104,13104,2
1774,7008,13104,13104,2
1775,7008,13104,13104,2
1776,7008,13104,13104,2
1777,7008,13104,13104,2
1778,7008,13104,13104,2
1779,7008,13104,13104,2
1780,7008,13104,13104,2
1781,7008,13104,13104,2
1782,7008,13104,13104,2
1783,7008,13104,13104,2
1784,7008,13104,13104,2
1785,7008,13104,13104,2
1786,7008,13104,13104,2
1787,7008,13104,13104,2
1788,7008,13104,13104,2
1789,7008,13104,13104,2
1790,7008,13104,13104,2
1791,7008,13104,13104,2
1792,7008,13104,13104,2
1793,7008,13104,13104,2
1794,7008,13104,13104,2
1795,7008,13104,13104,2
1796,7008,13104,13104,2
1797,7008,13104,13104,2
1798,7008,13104,13104,2
1799,7008,13104,13104,2
1800,7008,13104,13104,2
1801,7008,13104,13104,2
1802,7008,13104,13104,2
1803,7008,13104,13104,2
1804,7008,13104,13104,2
1805,7008,13104,13104,2
1806,7008,13104,13104,2
1807,7008,13104,13104,2
1808,7008,13104,13104,2
1809,7008,13104,13104,2
1810,7008,13104,13104,2
1811,7008,13104,13104,2
1812,7008,13104,13104,2
1813,7008,13104,13104,2
1814,7008,13104,13104,2
1815,7008,13104,13104,2
1816,7008,13104,13104,2
1817,7008,13104,13104,2
1818,7008,13104,13104,2
1819,7008,13104,13104,2
1820,7008,13104,13104,2
1821,7008,13104,13104,2
1822,7008,13104,13104,2
1823,7008,13104,13104,2
1824,4560,13104,13104,0
1825,4560,13104,13104,0
1826,4560,13104,13104,0
1827,4560,13104,13104,0
1828,4560,13104,13104,0
1829,4560,13104,13104,0
1830,4560,13104,13104,0
1831,3536,13104,13104,1
1832,2096,13104,13104,1
1833,2096,13104,13104,1
1834,2096,13104,13104,1
1835,2096,13104,13104,1
1836,2096,13104,13104,1
1837,2096,13104,13104,1
1838,2096,13104,13104,1
1839,2096,13104,13104,1
1840,4560,13104,13104,0
1841,4560,13104,13104,0
1842,4560,13104,13104,0
1843,4560,13104,13104,0
1844,4560,13104,13104,0
1845,4560,13104,13104,0
1846,4560,13104,13104,0
1847,7008,13104,13104,2
1848,7008,13104,13104,2
1849,7008,13104,13104,2
1850,7008,13104,13104,2
1851,7008,13104,13104,2
1852,7008,13104,13104,2
1853,7008,13104,13104,2
1854,7008,13104,13104,2
1855,7008,13104,13104,2
1856,7008,13104,13104,2
1857,7008,13104,13104,2
1858,7008,13104,13104,2
1859,7008,13104,13104,2
1860,7008,13104,13104,2
1861,7008,13104,13104,2
1862,7008,13104,13104,2
1863,4560,13104,13104,0
1864,4560,13104,13104,0
1865,4560,13104,13104,0
1866,4560,13104,13104,0
1867,4560,13104,13104,0
1868,4560,13104,13104,0
1869,4560,13104,13104,0
1870,4560,13104,13104,0
1871,4560,13104,13104,0
1872,4560,13104,13104,0
1873,4560,13104,13104,0
1874,4560,13104,13104,0
1875,4560,13104,13104,0
1876,4560,13104,13104,0
1877,4560,13104,13104,0
1878,4560,13104,13104,0
1879,4560,13104,13104,0
1880,4560,13104,13104,0
1881,6992,13104,13104,2
1882,7008,13104,13104,2
1883,7008,13104,13104,2
1884,7008,13104,13104,2
1885,7008,13104,13104,2
1886,7008,13104,13104,2
1887,7008,13104,13104,2
1888,7008,13104,13104,2
1889,7008,13104,13104,2
1890,7008,13104,13104,2
1891,7008,13104,13104,2
1892,7008,13104,13104,2
1893,7008,13104,13104,2
1894,7008,13104,13104,2
1895,7008,13104,13104,2
1896,7008,13104,13104,2
1897,7008,13104,13104,2
1898,7008,13104,13104,2
1899,7008,13104,13104,2
1900,7008,13104,13104,2
1901,7008,13104,13104,2
1902,7008,13104,13104,2
1903,7008,13104,13104,2
1904,7008,13104,13104,2
1905,7008,13104,13104,2
1906,7008,13104,13104,2
1907,7008,13104,13104,2
1908,7008,13104,13104,2
1909,7008,13104,13104,2
1910,7008,13104,13104,2
1911,7008,13104,13104,2
1912,7008,13104,13104,2
1913,7008,13104,13104,2
1914,7008,13104,13104,2
1915,7008,13104,13104,2
1916,7008,13104,13104,2
1917,7008,13104,13104,2
1918,7008,13104,13104,2
1919,7008,13104,13104,2
1920,7008,13104,13104,2
1921,7008,13104,13104,2
1922,7008,13104,13104,2
1923,7008,13104,13104,2
1924,7008,13104,13104,2
1925,7008,13104,13104,2
1926,7008,13104,13104,2
1927,7008,13104,13104,2
1928,7008,13104,13104,2
1929,7008,13104,13104,2
1930,7008,13104,13104,2
1931,7008,13104,13104,2
1932,7008,13104,13104,2
1933,7008,13104,13104,2
1934,7008,13104,13104,2
1935,7008,13104,13104,2
1936,7008,13104,13104,2
1937,7008,13104,13104,2
1938,7008,13104,13104,2
1939,7008,13104,13104,2
1940,7008,13104,13104,2
1941,7008,13104,13104,2
1942,7008,13104,13104,2
1943,7008,13104,13104,2
1944,7008,13104,13104,2
1945,7008,13104,13104,2
1946,7008,13104,13104,2
1947,7008,13104,13104,2
1948,7008,13104,13104,2
1949,7008,13104,13104,2
1950,7008,13104,13104,2
1951,7008,13104,13104,2
1952,7008,13104,13104,2
1953,7008,13104,13104,2
1954,7008,13104,13104,2
1955,7008,13104,13104,2
1956,7008,13104,13104,2
1957,7008,13104,13104,2
1958,7008,13104,13104,2
1959,7008,13104,13104,2
1960,7008,13104,13104,2
1961,7008,13104,13104,2
1962,7008,13104,13104,2
1963,7008,13104,13104,2
1964,7008,13104,13104,2
1965,7008,13104,13104,2
1966,7008,13104,13104,2
1967,7008,13104,13104,2
1968,7008,13104,13104,2
1969,7008,13104,13104,2
1970,7008,13104,13104,2
1971,7008,13104,13104,2
1972,7008,13104,13104,2
1973,7008,13104,13104,2
1974,7008,13104,13104,2
1975,7008,13104,13104,2
1976,7008,13104,13104,2
1977,7008,13104,13104,2
1978,7008,13104,13104,2
1979,7008,13104,13104,2
1980,7008,13104,13104,2
1981,7008,13104,13104,2
1982,7008,13104,13104,2
1983,7008,13104,13104,2
1984,7008,13104,13104,2
1985,7008,13104,13104,2
1986,7008,13104,13104,2
1987,7008,13104,13104,2
1988,7008,13104,13104,2
1989,7008,13104,13104,2
1990,7008,13104,13104,2
1991,7008,13104,13104,2
1992,7008,13104,13104,2
1993,7008,13104,13104,2
1994,7008,13104,13104,2
1995,7008,13104,13104,2
1996,7008,13104,13104,2
1997,7008,13104,13104,2
1998,7008,13104,13104,2
1999,7008,13104,13104,2
2000,7008,13104,13104,2
2001,7008,13104,13104,2
2002,7008,13104,13104,2
2003,7008,13104,13104,2
2004,7008,13104,13104,2
2005,7008,13104,13104,2
2006,7008,13104,13104,2
2007,7008,13104,13104,2
2008,4560,13104,13104,0
2009,4560,13104,13104,0
2010,4560,13104,13104,0
2011,4560,13104,13104,0
2012,4560,13104,13104,0
2013,4560,13104,13104,0
2014,4560,13104,13104,0
2015,3152,13104,13104,1
2016,2096,13104,13104,1
2017,2096,13104,13104,1
2018,2096,13104,13104,1
2019,2096,13104,13104,1
2020,2096,13104,13104,1
2021,2096,13104,13104,1
2022,2096,13104,13104,1
2023,2096,13104,13104,1
2024,2096,13104,13104,1
2025,2096,13104,13104,1
2026,2096,13104,13104,1
2027,2096,13104,13104,1
2028,2096,13104,13104,1
2029,2096,13104,13104,1
2030,2096,13104,13104,1
2031,2096,13104,13104,1
2032,2096,13104,13104,1
2033,2096,13104,13104,1
2034,4560,13104,13104,0
2035,4560,13104,13104,0
2036,4560,13104,13104,0
2037,4560,13104,13104,0
2038,4560,13104,13104,0
2039,7008,13104,13104,2
2040,7008,13104,13104,2
2041,7008,13104,13104,2
2042,7008,13104,13104,2
2043,7008,13104,13104,2
2044,7008,13104,13104,2
2045,4560,13104,13104,0
2046,4560,13104,13104,0
2047,4560,13104,13104,0
2048,4560,13104,13104,0
2049,4560,13104,13104,0
2050,4560,13104,13104,0
2051,2096,13104,13104,1
2052,2096,13104,13104,1
2053,2096,13104,13104,1
2054,2096,13104,13104,1
2055,2096,13104,13104,1
2056,2096,13104,13104,1
2057,2096,13104,13104,1
2058,2096,13104,13104,1
2059,2096,13104,13104,1
2060,2096,13104,13104,1
2061,2096,13104,13104,1
2062,2096,13104,13104,1
2063,2096,13104,13104,1
2064,2096,13104,13104,1
2065,2096,13104,13104,1
2066,2096,13104,13104,1
2067,2096,13104,13104,1
2068,4560,13104,13104,0
2069,4560,13104,13104,0
2070,4560,13104,13104,0
2071,4560,13104,13104,0
2072,4560,13104,13104,0
2073,4560,13104,13104,0
2074,4560,13104,13104,0
2075,4560,13104,13104,0
2076,4560,13104,13104,0
2077,4560,13104,13104,0
2078,4560,13104,13104,0
2079,4560,13104,13104,0
2080,4560,13104,13104,0
2081,4560,13104,13104,0
2082,4560,13104,13104,0
2083,7008,13104,13104,2
2084,7008,13104,13104,2
2085,7008,13104,13104,2
2086,7008,13104,13104,2
2087,7008,13104,13104,2
2088,7008,13104,13104,2
2089,7008,13104,13104,2
2090,7008,13104,13104,2
2091,7008,13104,13104,2
2092,7008,13104,13104,2
2093,7008,13104,13104,2
2094,7008,13104,13104,2
2095,4560,13104,13104,0
2096,4560,13104,13104,0
2097,4560,13104,13104,0
2098,4560,13104,13104,0
2099,4560,13104,13104,0
2100,7008,13104,13104,2
2101,7008,13104,13104,2
2102,7008,13104,13104,2
2103,7008,13104,13104,2
2104,7008,13104,13104,2
2105,7008,13104,13104,2
2106,7008,13104,13104,2
2107,7008,13104,13104,2
2108,7008,13104,13104,2
2109,7008,13104,13104,2
2110,7008,13104,13104,2
2111,7008,13104,13104,2
2112,7008,13104,13104,2
2113,7008,13104,13104,2
2114,7008,13104,13104,2
2115,4560,13104,13104,0
2116,4560,13104,13104,0
2117,4560,13104,13104,0
2118,4560,13104,13104,0
2119,4560,13104,13104,0
2120,4560,13104,13104,0
2121,4560,13104,13104,0
2122,4560,13104,13104,0
2123,4560,13104,13104,0
2124,4560,13104,13104,0
2125,4560,13104,13104,0
2126,4560,13104,13104,0
2127,4560,13104,13104,0
2128,4560,13104,13104,0
2129,4560,13104,13104,0
2130,4560,13104,13104,0
2131,4560,13104,13104,0
2132,4560,13104,13104,0
2133,5472,13104,13104,2
2134,6752,13104,13104,2
2135,7008,13104,13104,2
2136,7008,13104,13104,2
2137,7008,13104,13104,2
2138,7008,13104,13104,2
2139,7008,13104,13104,2
2140,7008,13104,13104,2
2141,7008,13104,13104,2
2142,7008,13104,13104,2
2143,7008,13104,13104,2
2144,7008,13104,13104,2
2145,7008,13104,13104,2
2146,7008,13104,13104,2
2147,7008,13104,13104,2
2148,7008,13104,13104,2
2149,7008,13104,13104,2
2150,7008,13104,13104,2
2151,7008,13104,13104,2
2152,7008,13104,13104,2
2153,7008,13104,13104,2
2154,7008,13104,13104,2
2155,7008,13104,13104,2
2156,7008,13104,13104,2
2157,7008,13104,13104,2
2158,7008,13104,13104,2
2159,7008,13104,13104,2
2160,7008,13104,13104,2
2161,7008,13104,13104,2
2162,7008,13104,13104,2
2163,7008,13104,13104,2
2164,7008,13104,13104,2
2165,7008,13104,13104,2
2166,7008,13104,13104,2
2167,7008,13104,13104,2
2168,7008,13104,13104,2
2169,7008,13104,13104,2
2170,7008,13104,13104,2
2171,7008,13104,13104,2
2172,7008,13104,13104,2
2173,7008,13104,13104,2
2174,7008,13104,13104,2
2175,7008,13104,13104,2
2176,7008,13104,13104,2
2177,7008,13104,13104,2
2178,7008,13104,13104,2
2179,7008,13104,13104,2
2180,7008,13104,13104,2
2181,7008,13104,13104,2
2182,6496,13104,13104,2
2183,4560,13104,13104,0
2184,4560,13104,13104,0
2185,4560,13104,13104,0
2186,4560,13104,13104,0
2187,4560,13104,13104,0
2188,4560,13104,13104,0
2189,4560,13104,13104,0
2190,4560,13104,13104,0
2191,4560,13104,13104,0
2192,2512,13104,13104,1
2193,2096,13104,13104,1
2194,2096,13104,13104,1
2195,2096,13104,13104,1
2196,2096,13104,13104,1
2197,2096,13104,13104,1
2198,2096,13104,13104,1
2199,4560,13104,13104,0
2200,4560,13104,13104,0
2201,4560,13104,13104,0
2202,4560,13104,13104,0
2203,4560,13104,13104,0
2204,4560,13104,13104,0
2205,5728,13104,13104,2
2206,7008,13104,13104,2
2207,7008,13104,13104,2
2208,7008,13104,13104,2
2209,7008,13104,13104,2
2210,7008,13104,13104,2
2211,7008,13104,13104,2
2212,7008,13104,13104,2
2213,7008,13104,13104,2
2214,7008,13104,13104,2
2215,7008,13104,13104,2
2216,7008,13104,13104,2
2217,7008,13104,13104,2
2218,7008,13104,13104,2
2219,7008,13104,13104,2
2220,7008,13104,13104,2
2221,7008,13104,13104,2
2222,7008,13104,13104,2
2223,7008,13104,13104,2
2224,7008,13104,13104,2
2225,7008,13104,13104,2
2226,7008,13104,13104,2
2227,7008,13104,13104,2
2228,7008,13104,13104,2
2229,7008,13104,13104,2
2230,7008,13104,13104,2
2231,7008,13104,13104,2
2232,7008,13104,13104,2
2233,7008,13104,13104,2
2234,7008,13104,13104,2
2235,7008,13104,13104,2
2236,7008,13104,13104,2
2237,4560,13104,13104,0
2238,4560,13104,13104,0
2239,4560,13104,13104,0
2240,4560,13104,13104,0
2241,4560,13104,13104,0
2242,4560,13104,13104,0
2243,4560,13104,13104,0
2244,4560,13104,13104,0
2245,4560,13104,13104,0
2246,4560,13104,13104,0
2247,4560,13104,13104,0
2248,4560,13104,13104,0
2249,4560,13104,13104,0
2250,4560,13104,13104,0
2251,4560,13104,13104,0
2252,4560,13104,13104,0
2253,4560,13104,13104,0
2254,4560,13104,13104,0
2255,4560,13104,13104,0
2256,4560,13104,13104,0
2257,4560,13104,13104,0
2258,4560,13104,13104,0
2259,2752,13104,13104,1
2260,2096,13104,13104,1
2261,2096,13104,13104,1
2262,2096,13104,13104,1
2263,3232,13104,13104,1
2264,4560,13104,13104,0
2265,4560,13104,13104,0
2266,4560,13104,13104,0
2267,4560,13104,13104,0
2268,4560,13104,13104,0
2269,4560,13104,13104,0
2270,4560,13104,13104,0
2271,4560,13104,13104,0
2272,4560,13104,13104,0
2273,4560,13104,13104,0
2274,5888,13104,13104,2
2275,7008,13104,13104,2
2276,7008,13104,13104,2
2277,7008,13104,13104,2
2278,7008,13104,13104,2
2279,7008,13104,13104,2
2280,4560,13104,13104,0
2281,4560,13104,13104,0
2282,4560,13104,13104,0
2283,4560,13104,13104,0
2284,4560,13104,13104,0
2285,4560,13104,13104,0
2286,4560,13104,13104,0
2287,4560,13104,13104,0
2288,4560,13104,13104,0
2289,4560,13104,13104,0
2290,4560,13104,13104,0
2291,4560,13104,13104,0
2292,4560,13104,13104,0
2293,4560,13104,13104,0
2294,4560,13104,13104,0
2295,4560,13104,13104,0
2296,4560,13104,13104,0
2297,4560,13104,13104,0
2298,4560,13104,13104,0
2299,4560,13104,13104,0
2300,4560,13104,13104,0
2301,4560,13104,13104,0
2302,4560,13104,13104,0
2303,4560,13104,13104,0
2304,4560,13104,13104,0
2305,4560,13104,13104,0
2306,4560,13104,13104,0
2307,4560,13104,13104,0
2308,4560,13104,13104,0
2309,4560,13104,13104,0
2310,4560,13104,13104,0
2311,4560,13104,13104,0
2312,2096,13104,13104,1
2313,2096,13104,13104,1
2314,2096,13104,13104,1
2315,2096,13104,13104,1
2316,2096,13104,13104,1
2317,2336,13104,13104,1
2318,4560,13104,13104,0
2319,4560,13104,13104,0
2320,4560,13104,13104,0
2321,4560,13104,13104,0
2322,4560,13104,13104,0
2323,4560,13104,13104,0
2324,4560,13104,13104,0
2325,4560,13104,13104,0
2326,4560,13104,13104,0
2327,4560,13104,13104,0
2328,4560,13104,13104,0
2329,4560,13104,13104,0
2330,4336,13104,13104,0
2331,4336,13104,13104,0
2332,4336,13104,13104,0
2333,4560,13104,13104,0
2334,4560,13104,13104,0
2335,4560,13104,13104,0
2336,4560,13104,13104,0
2337,7008,13104,13104,2
2338,7008,13104,13104,2
2339,7008,13104,13104,2
2340,7008,13104,13104,2
2341,7008,13104,13104,2
2342,7008,13104,13104,2
2343,7008,13104,13104,2
2344,7008,13104,13104,2
2345,5200,13104,13104,2
2346,4560,13104,13104,0
2347,4560,13104,13104,0
2348,4560,13104,13104,0
2349,4960,13104,13104,0
2350,7008,13104,13104,2
2351,7008,13104,13104,2
2352,7008,13104,13104,2
2353,7008,13104,13104,2
2354,7008,13104,13104,2
2355,7008,13104,13104,2
2356,7008,13104,13104,2
2357,7008,13104,13104,2
2358,7008,13104,13104,2
2359,7008,13104,13104,2
2360,7008,13104,13104,2
2361,7008,13104,13104,2
2362,7008,13104,13104,2
2363,7008,13104,13104,2
2364,7008,13104,13104,2
2365,7008,13104,13104,2
2366,7008,13104,13104,2
2367,7008,13104,13104,2
2368,7008,13104,13104,2
2369,7008,13104,13104,2
2370,7008,13104,13104,2
2371,7008,13104,13104,2
2372,7008,13104,13104,2
2373,7008,13104,13104,2
2374,7008,13104,13104,2
2375,7008,13104,13104,2
2376,7008,13104,13104,2
2377,7008,13104,13104,2
2378,7008,13104,13104,2
2379,7008,13104,13104,2
2380,7008,13104,13104,2
2381,7008,13104,13104,2
2382,7008,13104,13104,2
2383,7008,13104,13104,2
2384,7008,13104,13104,2
2385,7008,13104,13104,2
2386,7008,13104,13104,2
2387,7008,13104,13104,2
2388,7008,13104,13104,2
2389,7008,13104,13104,2
2390,7008,13104,13104,2
2391,7008,13104,13104,2
2392,7008,13104,13104,2
2393,7008,13104,13104,2
2394,7008,13104,13104,2
2395,7008,13104,13104,2
2396,7008,13104,13104,2
2397,7008,13104,13104,2
2398,7008,13104,13104,2
2399,7008,13104,13104,2
2400,7008,13104,13104,2
2401,7008,13104,13104,2
2402,4560,13104,13104,0
2403,4560,13104,13104,0
2404,2096,13104,13104,1
2405,2096,13104,13104,1
2406,2096,13104,13104,1
2407,2096,13104,13104,1
2408,2096,13104,13104,1
2409,2096,13104,13104,1
2410,2096,13104,13104,1
2411,2096,13104,13104,1
2412,2096,13104,13104,1
2413,2096,13104,13104,1
2414,2096,13104,13104,1
2415,2096,13104,13104,1
2416,2096,13104,13104,1
2417,2096,13104,13104,1
2418,2096,13104,13104,1
2419,2096,13104,13104,1
2420,2096,13104,13104,1
2421,2096,13104,13104,1
2422,2096,13104,13104,1
2423,2096,13104,13104,1
2424,2096,13104,13104,1
2425,2096,13104,13104,1
2426,2096,13104,13104,1
2427,2096,13104,13104,1
2428,2096,13104,13104,1
2429,2096,13104,13104,1
2430,2096,13104,13104,1
2431,2096,13104,13104,1
2432,2096,13104,13104,1
2433,2096,13104,13104,1
2434,2096,13104,13104,1
2435,2096,13104,13104,1
2436,2096,13104,13104,1
2437,2096,13104,13104,1
2438,2096,13104,13104,1
2439,2096,13104,13104,1
2440,2096,13104,13104,1
2441,2096,13104,13104,1
2442,2096,13104,13104,1
2443,2096,13104,13104,1
2444,2096,13104,13104,1
2445,2096,13104,13104,1
2446,2096,13104,13104,1
2447,2096,13104,13104,1
2448,2096,13104,13104,1
2449,2096,13104,13104,1
2450,2096,13104,13104,1
2451,2096,13104,13104,1
2452,2096,13104,13104,1
2453,2096,13104,13104,1
2454,2096,13104,13104,1
2455,2096,13104,13104,1
2456,2096,13104,13104,1
2457,2096,13104,13104,1
2458,2096,13104,13104,1
2459,2096,13104,13104,1
2460,2096,13104,13104,1
2461,2096,13104,13104,1
2462,2096,13104,13104,1
2463,2096,13104,13104,1
2464,2096,13104,13104,1
2465,2096,13104,13104,1
2466,2096,13104,13104,1
2467,2096,13104,13104,1
2468,2096,13104,13104,1
2469,4560,13104,13104,0
2470,5008,13104,13104,2
2471,7008,13104,13104,2
2472,7008,13104,13104,2
2473,7008,13104,13104,2
2474,7008,13104,13104,2
2475,7008,13104,13104,2
2476,7008,13104,13104,2
2477,7008,13104,13104,2
2478,7008,13104,13104,2
2479,7008,13104,13104,2
2480,7008,13104,13104,2
2481,7008,13104,13104,2
2482,7008,13104,13104,2
2483,7008,13104,13104,2
2484,7008,13104,13104,2
2485,7008,13104,13104,2
2486,7008,13104,13104,2
2487,7008,13104,13104,2
2488,7008,13104,13104,2
2489,7008,13104,13104,2
2490,7008,13104,13104,2
2491,7008,13104,13104,2
2492,7008,13104,13104,2
2493,7008,13104,13104,2
2494,7008,13104,13104,2
2495,7008,13104,13104,2
2496,7008,13104,13104,2
2497,7008,13104,13104,2
2498,7008,13104,13104,2
2499,7008,13104,13104,2
2500,7008,13104,13104,2
2501,7008,13104,13104,2
2502,7008,13104,13104,2
2503,7008,13104,13104,2
2504,7008,13104,13104,2
2505,7008,13104,13104,2
2506,7008,13104,13104,2
2507,7008,13104,13104,2
2508,7008,13104,13104,2
2509,7008,13104,13104,2
2510,7008,13104,13104,2
2511,7008,13104,13104,2
2512,7008,13104,13104,2
2513,7008,13104,13104,2
2514,7008,13104,13104,2
2515,7008,13104,13104,2
2516,7008,13104,13104,2
2517,7008,13104,13104,2
2518,7008,13104,13104,2
2519,7008,13104,13104,2
2520,7008,13104,13104,2
2521,7008,13104,13104,2
2522,7008,13104,13104,2
2523,7008,13104,13104,2
2524,7008,13104,13104,2
2525,7008,13104,13104,2
2526,7008,13104,13104,2
2527,7008,13104,13104,2
2528,7008,13104,13104,2
2529,7008,13104,13104,2
2530,7008,13104,13104,2
2531,7008,13104,13104,2
2532,7008,13104,13104,2
2533,7008,13104,13104,2
2534,7008,13104,13104,2
2535,7008,13104,13104,2
2536,7008,13104,13104,2
2537,7008,13104,13104,2
2538,7008,13104,13104,2
2539,7008,13104,13104,2
2540,7008,13104,13104,2
2541,7008,13104,13104,2
2542,7008,13104,13104,2
2543,7008,13104,13104,2
2544,7008,13104,13104,2
2545,7008,13104,13104,2
2546,7008,13104,13104,2
2547,7008,13104,13104,2
2548,7008,13104,13104,2
2549,7008,13104,13104,2
2550,7008,13104,13104,2
2551,7008,13104,13104,2
2552,7008,13104,13104,2
2553,7008,13104,13104,2
2554,7008,13104,13104,2
2555,7008,13104,13104,2
2556,7008,13104,13104,2
2557,7008,13104,13104,2
2558,7008,13104,13104,2
2559,6672,13104,13104,2
2560,7008,13104,13104,2
2561,7008,13104,13104,2
2562,7008,13104,13104,2
2563,7008,13104,13104,2
2564,7008,13104,13104,2
2565,7008,13104,13104,2
2566,7008,13104,13104,2
2567,7008,13104,13104,2
2568,7008,13104,13104,2
2569,7008,13104,13104,2
2570,7008,13104,13104,2
2571,7008,13104,13104,2
2572,7008,13104,13104,2
2573,7008,13104,13104,2
2574,7008,13104,13104,2
2575,7008,13104,13104,2
2576,7008,13104,13104,2
2577,7008,13104,13104,2
2578,7008,13104,13104,2
2579,7008,13104,13104,2
2580,7008,13104,13104,2
2581,7008,13104,13104,2
2582,7008,13104,13104,2
2583,7008,13104,13104,2
2584,7008,13104,13104,2
2585,7008,13104,13104,2
2586,7008,13104,13104,2
2587,7008,13104,13104,2
2588,7008,13104,13104,2
2589,7008,13104,13104,2
2590,7008,13104,13104,2
2591,7008,13104,13104,2
2592,7008,13104,13104,2
2593,7008,13104,13104,2
2594,7008,13104,13104,2
2595,7008,13104,13104,2
2596,7008,13104,13104,2
2597,7008,13104,13104,2
2598,7008,13104,13104,2
2599,7008,13104,13104,2
2600,7008,13104,13104,2
2601,7008,13104,13104,2
2602,7008,13104,13104,2
2603,7008,13104,13104,2
2604,7008,13104,13104,2
2605,7008,13104,13104,2
2606,7008,13104,13104,2
2607,7008,13104,13104,2
2608,7008,13104,13104,2
2609,7008,13104,13104,2
2610,7008,13104,13104,2
2611,7008,13104,13104,2
2612,7008,13104,13104,2
2613,7008,13104,13104,2
2614,7008,13104,13104,2
2615,7008,13104,13104,2
2616,7008,13104,13104,2
2617,7008,13104,13104,2
2618,7008,13104,13104,2
2619,7008,13104,13104,2
2620,7008,13104,13104,2
2621,7008,13104,13104,2
2622,7008,13104,13104,2
2623,7008,13104,13104,2
2624,7008,13104,13104,2
2625,7008,13104,13104,2
2626,7008,13104,13104,2
2627,7008,13104,13104,2
2628,7008,13104,13104,2
2629,7008,13104,13104,2
2630,7008,13104,13104,2
2631,7008,13104,13104,2
2632,7008,13104,13104,2
2633,7008,13104,13104,2
2634,7008,13104,13104,2
2635,7008,13104,13104,2
2636,7008,13104,13104,2
2637,7008,13104,13104,2
2638,7008,13104,13104,2
2639,7008,13104,13104,2
2640,7008,13104,13104,2
2641,7008,13104,13104,2
2642,7008,13104,13104,2
2643,7008,13104,13104,2
2644,7008,13104,13104,2
2645,7008,13104,13104,2
2646,7008,13104,13104,2
2647,7008,13104,13104,2
2648,7008,13104,13104,2
2649,7008,13104,13104,2
2650,7008,13104,13104,2
2651,7008,13104,13104,2
2652,7008,13104,13104,2
2653,7008,13104,13104,2
2654,7008,13104,13104,2
2655,7008,13104,13104,2
2656,7008,13104,13104,2
2657,7008,13104,13104,2
2658,7008,13104,13104,2
2659,7008,13104,13104,2
2660,7008,13104,13104,2
2661,7008,13104,13104,2
2662,7008,13104,13104,2
2663,7008,13104,13104,2
2664,7008,13104,13104,2
2665,7008,13104,13104,2
2666,7008,13104,13104,2
2667,7008,13104,13104,2
2668,7008,13104,13104,2
2669,7008,13104,13104,2
2670,7008,13104,13104,2
2671,7008,13104,13104,2
2672,7008,13104,13104,2
2673,7008,13104,13104,2
2674,7008,13104,13104,2
2675,7008,13104,13104,2
2676,7008,13104,13104,2
2677,7008,13104,13104,2
2678,7008,13104,13104,2
2679,7008,13104,13104,2
2680,7008,13104,13104,2
2681,7008,13104,13104,2
2682,7008,13104,13104,2
2683,7008,13104,13104,2
2684,7008,13104,13104,2
2685,7008,13104,13104,2
2686,7008,13104,13104,2
2687,7008,13104,13104,2
2688,7008,13104,13104,2
2689,7008,13104,13104,2
2690,7008,13104,13104,2
2691,7008,13104,13104,2
2692,7008,13104,13104,2
2693,7008,13104,13104,2
2694,7008,13104,13104,2
2695,7008,13104,13104,2
2696,7008,13104,13104,2
2697,7008,13104,13104,2
2698,7008,13104,13104,2
2699,7008,13104,13104,2
2700,7008,13104,13104,2
2701,7008,13104,13104,2
2702,7008,13104,13104,2
2703,7008,13104,13104,2
2704,7008,13104,13104,2
2705,7008,13104,13104,2
2706,7008,13104,13104,2
2707,7008,13104,13104,2
2708,4432,13104,13104,0
2709,4560,13104,13104,0
2710,4560,13104,13104,0
2711,4560,13104,13104,0
2712,4560,13104,13104,0
2713,4560,13104,13104,0
2714,4560,13104,13104,0
2715,4560,13104,13104,0
2716,4560,13104,13104,0
2717,4560,13104,13104,0
2718,4560,13104,13104,0
2719,4560,13104,13104,0
2720,4560,13104,13104,0
2721,4560,13104,13104,0
2722,4560,13104,13104,0
2723,4560,13104,13104,0
2724,4560,13104,13104,0
2725,4560,13104,13104,0
2726,4560,13104,13104,0
2727,4560,13104,13104,0
2728,7008,13104,13104,2
2729,7008,13104,13104,2
2730,7008,13104,13104,2
2731,7008,13104,13104,2
2732,7008,13104,13104,2
2733,7008,13104,13104,2
2734,7008,13104,13104,2
2735,7008,13104,13104,2
2736,4560,13104,13104,0
2737,4560,13104,13104,0
2738,4560,13104,13104,0
2739,4560,13104,13104,0
2740,4560,13104,13104,0
2741,4560,13104,13104,0
2742,4560,13104,13104,0
2743,4560,13104,13104,0
2744,4560,13104,13104,0
2745,4560,13104,13104,0
2746,4560,13104,13104,0
2747,4560,13104,13104,0
2748,2096,13104,13104,1
2749,2096,13104,13104,1
2750,2096,13104,13104,1
2751,2096,13104,13104,1
2752,2096,13104,13104,1
2753,2096,13104,13104,1
2754,2096,13104,13104,1
2755,2096,13104,13104,1
2756,4560,13104,13104,0
2757,4560,13104,13104,0
2758,4560,13104,13104,0
2759,4560,13104,13104,0
2760,4560,13104,13104,0
2761,4560,13104,13104,0
2762,4560,13104,13104,0
2763,7008,13104,13104,2
2764,7008,13104,13104,2
2765,7008,13104,13104,2
2766,7008,13104,13104,2
2767,7008,13104,13104,2
2768,6176,13104,13104,2
2769,4560,13104,13104,0
2770,4560,13104,13104,0
2771,4560,13104,13104,0
2772,4560,13104,13104,0
2773,4928,13104,13104,0
2774,7008,13104,13104,2
2775,7008,13104,13104,2
2776,7008,13104,13104,2
2777,7008,13104,13104,2
2778,7008,13104,13104,2
2779,7008,13104,13104,2
2780,4560,13104,13104,0
2781,4560,13104,13104,0
2782,4560,13104,13104,0
2783,4560,13104,13104,0
2784,4560,13104,13104,0
2785,4560,13104,13104,0
2786,4560,13104,13104,0
2787,4560,13104,13104,0
2788,4560,13104,13104,0
2789,4560,13104,13104,0
2790,4560,13104,13104,0
2791,4560,13104,13104,0
2792,4560,13104,13104,0
2793,4560,13104,13104,0
2794,4560,13104,13104,0
2795,4560,13104,13104,0
2796,4560,13104,13104,0
2797,4560,13104,13104,0
2798,4560,13104,13104,0
2799,4560,13104,13104,0
2800,4560,13104,13104,0
2801,3232,13104,13104,1
2802,2096,13104,13104,1
2803,2096,13104,13104,1
2804,2096,13104,13104,1
2805,2096,13104,13104,1
2806,4560,13104,13104,0
2807,4560,13104,13104,0
2808,4560,13104,13104,0
2809,4560,13104,13104,0
2810,4560,13104,13104,0
2811,4560,13104,13104,0
2812,4560,13104,13104,0
2813,4560,13104,13104,0
2814,4560,13104,13104,0
2815,4368,13104,13104,0
2816,2096,13104,13104,1
2817,2096,13104,13104,1
2818,2096,13104,13104,1
2819,2096,13104,13104,1
2820,2096,13104,13104,1
2821,4560,13104,13104,0
2822,4560,13104,13104,0
2823,4560,13104,13104,0
2824,4560,13104,13104,0
2825,4560,13104,13104,0
2826,4560,13104,13104,0
2827,4560,13104,13104,0
2828,4560,13104,13104,0
2829,4560,13104,13104,0
2830,4560,13104,13104,0
2831,4560,13104,13104,0
2832,4560,13104,13104,0
2833,4560,13104,13104,0
2834,4560,13104,13104,0
2835,4560,13104,13104,0
2836,4560,13104,13104,0
2837,4560,13104,13104,0
2838,4560,13104,13104,0
2839,5632,13104,13104,2
2840,7008,13104,13104,2
2841,7008,13104,13104,2
2842,7008,13104,13104,2
2843,7008,13104,13104,2
2844,7008,13104,13104,2
2845,7008,13104,13104,2
2846,4560,13104,13104,0
2847,4560,13104,13104,0
2848,4560,13104,13104,0
2849,4560,13104,13104,0
2850,4560,13104,13104,0
2851,4560,13104,13104,0
2852,4560,13104,13104,0
2853,4560,13104,13104,0
2854,4560,13104,13104,0
2855,4560,13104,13104,0
2856,4560,13104,13104,0
2857,4560,13104,13104,0
2858,4560,13104,13104,0
2859,4560,13104,13104,0
2860,4560,13104,13104,0
2861,4560,13104,13104,0
2862,4560,13104,13104,0
2863,4560,13104,13104,0
2864,4560,13104,13104,0
2865,4560,13104,13104,0
2866,4560,13104,13104,0
2867,4560,13104,13104,0
2868,4560,13104,13104,0
2869,4560,13104,13104,0
2870,4560,13104,13104,0
2871,4560,13104,13104,0
2872,4560,13104,13104,0
2873,7008,13104,13104,2
2874,7008,13104,13104,2
2875,7008,13104,13104,2
2876,7008,13104,13104,2
2877,7008,13104,13104,2
2878,7008,13104,13104,2
2879,7008,13104,13104,2
2880,7008,13104,13104,2
2881,7008,13104,13104,2
2882,7008,13104,13104,2
2883,7008,13104,13104,2
2884,4560,13104,13104,0
2885,4560,13104,13104,0
2886,4560,13104,13104,0
2887,4560,13104,13104,0
2888,4560,13104,13104,0
2889,4560,13104,13104,0
2890,4560,13104,13104,0
2891,4560,13104,13104,0
2892,4560,13104,13104,0
2893,4560,13104,13104,0
2894,4560,13104,13104,0
2895,4560,13104,13104,0
2896,4560,13104,13104,0
2897,4560,13104,13104,0
2898,4560,13104,13104,0
2899,4560,13104,13104,0
2900,4560,13104,13104,0
2901,4560,13104,13104,0
2902,4560,13104,13104,0
2903,4560,13104,13104,0
2904,4560,13104,13104,0
2905,4560,13104,13104,0
2906,4560,13104,13104,0
2907,4560,13104,13104,0
2908,4560,13104,13104,0
2909,4560,13104,13104,0
2910,7008,13104,13104,2
2911,7008,13104,13104,2
2912,7008,13104,13104,2
2913,7008,13104,13104,2
2914,7008,13104,13104,2
2915,7008,13104,13104,2
2916,7008,13104,13104,2
2917,4560,13104,13104,0
2918,4560,13104,13104,0
2919,4560,13104,13104,0
2920,4560,13104,13104,0
2921,4560,13104,13104,0
2922,4560,13104,13104,0
2923,4560,13104,13104,0
2924,4560,13104,13104,0
2925,4560,13104,13104,0
2926,4560,13104,13104,0
2927,4560,13104,13104,0
2928,4560,13104,13104,0
2929,4560,13104,13104,0
2930,4560,13104,13104,0
2931,4560,13104,13104,0
2932,4560,13104,13104,0
2933,4560,13104,13104,0
2934,4560,13104,13104,0
2935,4560,13104,13104,0
2936,4560,13104,13104,0
2937,4560,13104,13104,0
2938,4560,13104,13104,0
2939,4560,13104,13104,0
2940,4560,13104,13104,0
2941,4560,13104,13104,0
2942,4560,13104,13104,0
2943,4560,13104,13104,0
2944,4560,13104,13104,0
2945,4560,13104,13104,0
2946,4560,13104,13104,0
2947,4560,13104,13104,0
2948,4560,13104,13104,0
2949,4560,13104,13104,0
2950,4560,13104,13104,0
2951,4560,13104,13104,0
2952,4560,13104,13104,0
2953,6400,13104,13104,2
2954,7008,13104,13104,2
2955,7008,13104,13104,2
2956,7008,13104,13104,2
2957,7008,13104,13104,2
2958,7008,13104,13104,2
2959,7008,13104,13104,2
2960,7008,13104,13104,2
2961,7008,13104,13104,2
2962,7008,13104,13104,2
2963,7008,13104,13104,2
2964,7008,13104,13104,2
2965,7008,13104,13104,2
2966,7008,13104,13104,2
2967,7008,13104,13104,2
2968,7008,13104,13104,2
2969,7008,13104,13104,2
2970,7008,13104,13104,2
2971,7008,13104,13104,2
2972,7008,13104,13104,2
2973,7008,13104,13104,2
2974,7008,13104,13104,2
2975,7008,13104,13104,2
2976,7008,13104,13104,2
2977,7008,13104,13104,2
2978,7008,13104,13104,2
2979,7008,13104,13104,2
2980,7008,13104,13104,2
2981,7008,13104,13104,2
2982,7008,13104,13104,2
2983,7008,13104,13104,2
2984,7008,13104,13104,2
2985,7008,13104,13104,2
2986,7008,13104,13104,2
2987,7008,13104,13104,2
2988,7008,13104,13104,2
2989,7008,13104,13104,2
2990,7008,13104,13104,2
2991,7008,13104,13104,2
2992,7008,13104,13104,2
2993,7008,13104,13104,2
2994,7008,13104,13104,2
2995,7008,13104,13104,2
2996,7008,13104,13104,2
2997,7008,13104,13104,2
2998,7008,13104,13104,2
2999,7008,13104,13104,2
3000,7008,13104,13104,2
3001,7008,13104,13104,2
3002,7008,13104,13104,2
3003,7008,13104,13104,2
3004,7008,13104,13104,2
3005,7008,13104,13104,2
3006,7008,13104,13104,2
3007,7008,13104,13104,2
3008,7008,13104,13104,2
3009,7008,13104,13104,2
3010,7008,13104,13104,2
3011,7008,13104,13104,2
3012,7008,13104,13104,2
3013,7008,13104,13104,2
3014,7008,13104,13104,2
3015,7008,13104,13104,2
3016,7008,13104,13104,2
3017,7008,13104,13104,2
3018,7008,13104,13104,2
3019,7008,13104,13104,2
3020,7008,13104,13104,2
3021,4560,13104,13104,0
3022,4560,13104,13104,0
3023,4560,13104,13104,0
3024,4560,13104,13104,0
3025,4560,13104,13104,0
3026,4560,13104,13104,0
3027,4560,13104,13104,0
3028,4560,13104,13104,0
3029,4560,13104,13104,0
3030,4560,13104,13104,0
3031,4560,13104,13104,0
3032,4560,13104,13104,0
3033,4560,13104,13104,0
3034,4560,13104,13104,0
3035,4560,13104,13104,0
3036,4560,13104,13104,0
3037,4560,13104,13104,0
3038,4560,13104,13104,0
3039,4560,13104,13104,0
3040,4560,13104,13104,0
3041,4560,13104,13104,0
3042,4560,13104,13104,0
3043,4560,13104,13104,0
3044,4560,13104,13104,0
3045,4560,13104,13104,0
3046,4560,13104,13104,0
3047,4560,13104,13104,0
3048,4560,13104,13104,0
3049,4560,13104,13104,0
3050,4560,13104,13104,0
3051,4560,13104,13104,0
3052,4560,13104,13104,0
3053,4560,13104,13104,0
3054,4560,13104,13104,0
3055,4560,13104,13104,0
3056,4560,13104,13104,0
3057,4560,13104,13104,0
3058,4560,13104,13104,0
3059,4560,13104,13104,0
3060,4560,13104,13104,0
3061,4560,13104,13104,0
3062,4560,13104,13104,0
3063,4560,13104,13104,0
3064,4560,13104,13104,0
3065,4560,13104,13104,0
3066,4560,13104,13104,0
3067,4560,13104,13104,0
3068,4560,13104,13104,0
3069,4560,13104,13104,0
3070,4560,13104,13104,0
3071,4560,13104,13104,0
3072,4560,13104,13104,0
3073,4560,13104,13104,0
3074,4560,13104,13104,0
3075,4560,13104,13104,0
3076,4560,13104,13104,0
3077,4560,13104,13104,0
3078,4560,13104,13104,0
3079,4560,13104,13104,0
3080,4560,13104,13104,0
3081,4560,13104,13104,0
3082,4560,13104,13104,0
3083,4560,13104,13104,0
3084,4560,13104,13104,0
3085,4560,13104,13104,0
3086,4560,13104,13104,0
3087,4560,13104,13104,0
3088,4560,13104,13104,0
3089,4560,13104,13104,0
3090,4560,13104,13104,0
3091,4560,13104,13104,0
3092,4560,13104,13104,0
3093,4560,13104,13104,0
3094,4560,13104,13104,0
3095,4560,13104,13104,0
3096,4560,13104,13104,0
3097,4560,13104,13104,0
3098,3808,13104,13104,1
3099,2096,13104,13104,1
3100,2096,13104,13104,1
3101,2096,13104,13104,1
3102,2096,13104,13104,1
3103,2096,13104,13104,1
3104,2096,13104,13104,1
3105,4560,13104,13104,0
3106,4560,13104,13104,0
3107,4560,13104,13104,0
3108,4560,13104,13104,0
3109,4560,13104,13104,0
3110,4560,13104,13104,0
3111,4560,13104,13104,0
3112,5920,13104,13104,2
3113,7008,13104,13104,2
3114,7008,13104,13104,2
3115,4560,13104,13104,0
3116,4560,13104,13104,0
3117,4560,13104,13104,0
3118,4560,13104,13104,0
3119,4560,13104,13104,0
3120,4560,13104,13104,0
3121,4560,13104,13104,0
3122,4560,13104,13104,0
3123,4560,13104,13104,0
3124,4560,13104,13104,0
3125,4560,13104,13104,0
3126,4560,13104,13104,0
3127,4560,13104,13104,0
3128,4560,13104,13104,0
3129,4560,13104,13104,0
3130,4560,13104,13104,0
3131,4560,13104,13104,0
3132,4560,13104,13104,0
3133,4560,13104,13104,0
3134,4560,13104,13104,0
3135,4560,13104,13104,0
3136,4560,13104,13104,0
3137,4560,13104,13104,0
3138,4560,13104,13104,0
3139,5024,13104,13104,2
3140,7008,13104,13104,2
3141,7008,13104,13104,2
3142,7008,13104,13104,2
3143,7008,13104,13104,2
3144,7008,13104,13104,2
3145,7008,13104,13104,2
3146,7008,13104,13104,2
3147,7008,13104,13104,2
3148,7008,13104,13104,2
3149,4560,13104,13104,0
3150,4560,13104,13104,0
3151,4560,13104,13104,0
3152,4560,13104,13104,0
3153,4560,13104,13104,0
3154,4560,13104,13104,0
3155,4560,13104,13104,0
3156,4560,13104,13104,0
3157,4560,13104,13104,0
3158,4560,13104,13104,0
3159,4560,13104,13104,0
3160,4560,13104,13104,0
3161,4560,13104,13104,0
3162,4560,13104,13104,0
3163,4560,13104,13104,0
3164,4560,13104,13104,0
3165,4560,13104,13104,0
3166,4560,13104,13104,0
3167,4560,13104,13104,0
3168,4560,13104,13104,0
3169,4560,13104,13104,0
3170,4560,13104,13104,0
3171,4560,13104,13104,0
3172,4560,13104,13104,0
3173,4560,13104,13104,0
3174,4560,13104,13104,0
3175,4560,13104,13104,0
3176,4560,13104,13104,0
3177,3984,13104,13104,1
3178,2096,13104,13104,1
3179,2096,13104,13104,1
3180,2096,13104,13104,1
3181,2096,13104,13104,1
3182,2096,13104,13104,1
3183,2096,13104,13104,1
3184,2096,13104,13104,1
3185,2096,13104,13104,1
3186,2096,13104,13104,1
3187,2096,13104,13104,1
3188,2096,13104,13104,1
3189,2096,13104,13104,1
3190,2096,13104,13104,1
3191,2096,13104,13104,1
3192,2096,13104,13104,1
3193,4560,13104,13104,0
3194,4560,13104,13104,0
3195,4560,13104,13104,0
3196,4560,13104,13104,0
3197,4560,13104,13104,0
3198,4560,13104,13104,0
3199,4560,13104,13104,0
3200,4560,13104,13104,0
3201,4560,13104,13104,0
3202,4560,13104,13104,0
3203,4560,13104,13104,0
3204,4560,13104,13104,0
3205,4560,13104,13104,0
3206,7008,13104,13104,2
3207,7008,13104,13104,2
3208,7008,13104,13104,2
3209,7008,13104,13104,2
3210,7008,13104,13104,2
3211,7008,13104,13104,2
3212,7008,13104,13104,2
3213,7008,13104,13104,2
3214,7008,13104,13104,2
3215,7008,13104,13104,2
3216,7008,13104,13104,2
3217,7008,13104,13104,2
3218,7008,13104,13104,2
3219,7008,13104,13104,2
3220,7008,13104,13104,2
3221,7008,13104,13104,2
3222,7008,13104,13104,2
3223,4560,13104,13104,0
3224,4560,13104,13104,0
3225,4560,13104,13104,0
3226,4560,13104,13104,0
3227,4560,13104,13104,0
3228,4560,13104,13104,0
3229,4560,13104,13104,0
3230,4560,13104,13104,0
3231,4560,13104,13104,0
3232,5616,13104,13104,2
3233,7008,13104,13104,2
3234,7008,13104,13104,2
3235,7008,13104,13104,2
3236,7008,13104,13104,2
3237,7008,13104,13104,2
3238,7008,13104,13104,2
3239,7008,13104,13104,2
3240,7008,13104,13104,2
3241,7008,13104,13104,2
3242,7008,13104,13104,2
3243,7008,13104,13104,2
3244,7008,13104,13104,2
3245,7008,13104,13104,2
3246,7008,13104,13104,2
3247,7008,13104,13104,2
3248,7008,13104,13104,2
3249,7008,13104,13104,2
3250,7008,13104,13104,2
3251,7008,13104,13104,2
3252,7008,13104,13104,2
3253,7008,13104,13104,2
3254,7008,13104,13104,2
3255,7008,13104,13104,2
3256,7008,13104,13104,2
3257,7008,13104,13104,2
3258,7008,13104,13104,2
3259,7008,13104,13104,2
3260,7008,13104,13104,2
3261,7008,13104,13104,2
3262,7008,13104,13104,2
3263,5744,13104,13104,2
3264,4560,13104,13104,0
3265,4560,13104,13104,0
3266,4560,13104,13104,0
3267,4560,13104,13104,0
3268,4560,13104,13104,0
3269,4560,13104,13104,0
3270,4560,13104,13104,0
3271,4560,13104,13104,0
3272,4560,13104,13104,0
3273,4560,13104,13104,0
3274,4560,13104,13104,0
3275,4560,13104,13104,0
3276,4560,13104,13104,0
3277,4560,13104,13104,0
3278,4560,13104,13104,0
3279,4560,13104,13104,0
3280,4560,13104,13104,0
3281,4560,13104,13104,0
3282,4560,13104,13104,0
3283,4560,13104,13104,0
3284,4560,13104,13104,0
3285,4560,13104,13104,0
3286,4560,13104,13104,0
3287,4560,13104,13104,0
3288,4560,13104,13104,0
3289,4560,13104,13104,0
3290,4560,13104,13104,0
3291,4560,13104,13104,0
3292,4560,13104,13104,0
3293,4560,13104,13104,0
3294,4560,13104,13104,0
3295,4560,13104,13104,0
3296,4560,13104,13104,0
3297,4560,13104,13104,0
3298,4560,13104,13104,0
3299,5280,13104,13104,2
3300,7008,13104,13104,2
3301,7008,13104,13104,2
3302,7008,13104,13104,2
3303,7008,13104,13104,2
3304,7008,13104,13104,2
3305,5952,13104,13104,2
3306,4560,13104,13104,0
3307,4560,13104,13104,0
3308,4560,13104,13104,0
3309,4560,13104,13104,0
3310,4560,13104,13104,0
3311,4560,13104,13104,0
3312,4560,13104,13104,0
3313,4560,13104,13104,0
3314,4560,13104,13104,0
3315,4560,13104,13104,0
3316,4560,13104,13104,0
3317,4560,13104,13104,0
3318,4560,13104,13104,0
3319,4560,13104,13104,0
3320,4560,13104,13104,0
3321,4560,13104,13104,0
3322,4560,13104,13104,0
3323,4560,13104,13104,0
3324,4560,13104,13104,0
3325,4560,13104,13104,0
3326,4560,13104,13104,0
3327,4560,13104,13104,0
3328,4560,13104,13104,0
3329,4560,13104,13104,0
3330,4560,13104,13104,0
3331,4560,13104,13104,0
3332,4560,13104,13104,0
3333,4560,13104,13104,0
3334,4560,13104,13104,0
3335,4560,13104,13104,0
3336,4560,13104,13104,0
3337,4560,13104,13104,0
3338,4560,13104,13104,0
3339,4560,13104,13104,0
3340,4560,13104,13104,0
3341,4560,13104,13104,0
3342,6320,13104,13104,2
3343,7008,13104,13104,2
3344,7008,13104,13104,2
3345,7008,13104,13104,2
3346,7008,13104,13104,2
3347,7008,13104,13104,2
3348,7008,13104,13104,2
3349,7008,13104,13104,2
3350,7008,13104,13104,2
3351,7008,13104,13104,2
3352,7008,13104,13104,2
3353,7008,13104,13104,2
3354,7008,13104,13104,2
3355,7008,13104,13104,2
3356,7008,13104,13104,2
3357,7008,13104,13104,2
3358,7008,13104,13104,2
3359,7008,13104,13104,2
3360,7008,13104,13104,2
3361,7008,13104,13104,2
3362,7008,13104,13104,2
3363,7008,13104,13104,2
3364,7008,13104,13104,2
3365,7008,13104,13104,2
3366,7008,13104,13104,2
3367,7008,13104,13104,2
3368,7008,13104,13104,2
3369,7008,13104,13104,2
3370,7008,13104,13104,2
3371,7008,13104,13104,2
3372,7008,13104,13104,2
3373,7008,13104,13104,2
3374,7008,13104,13104,2
3375,7008,13104,13104,2
3376,7008,13104,13104,2
3377,7008,13104,13104,2
3378,7008,13104,13104,2
3379,7008,13104,13104,2
3380,7008,13104,13104,2
3381,7008,13104,13104,2
3382,7008,13104,13104,2
3383,7008,13104,13104,2
3384,7008,13104,13104,2
3385,7008,13104,13104,2
3386,7008,13104,13104,2
3387,7008,13104,13104,2
3388,7008,13104,13104,2
3389,7008,13104,13104,2
3390,7008,13104,13104,2
3391,7008,13104,13104,2
3392,7008,13104,13104,2
3393,7008,13104,13104,2
3394,4560,13104,13104,0
3395,4560,13104,13104,0
3396,4560,13104,13104,0
3397,4560,13104,13104,0
3398,4560,13104,13104,0
3399,4560,13104,13104,0
3400,4560,13104,13104,0
3401,4560,13104,13104,0
3402,4560,13104,13104,0
3403,4560,13104,13104,0
3404,4560,13104,13104,0
3405,4560,13104,13104,0
3406,4560,13104,13104,0
3407,4560,13104,13104,0
3408,4560,13104,13104,0
3409,4560,13104,13104,0
3410,4560,13104,13104,0
3411,4560,13104,13104,0
3412,4560,13104,13104,0
3413,4560,13104,13104,0
3414,4560,13104,13104,0
3415,4560,13104,13104,0
3416,4560,13104,13104,0
3417,4560,13104,13104,0
3418,4560,13104,13104,0
3419,4560,13104,13104,0
3420,4560,13104,13104,0
3421,4560,13104,13104,0
3422,4560,13104,13104,0
3423,4560,13104,13104,0
3424,4560,13104,13104,0
3425,4560,13104,13104,0
3426,4560,13104,13104,0
3427,4560,13104,13104,0
3428,4560,13104,13104,0
3429,4560,13104,13104,0
3430,4560,13104,13104,0
3431,4560,13104,13104,0
3432,4560,13104,13104,0
3433,4560,13104,13104,0
3434,4560,13104,13104,0
3435,4560,13104,13104,0
3436,4560,13104,13104,0
3437,4560,13104,13104,0
3438,4560,13104,13104,0
3439,4560,13104,13104,0
3440,4560,13104,13104,0
3441,4560,13104,13104,0
3442,4560,13104,13104,0
3443,4560,13104,13104,0
3444,4560,13104,13104,0
3445,4560,13104,13104,0
3446,4560,13104,13104,0
3447,4560,13104,13104,0
3448,4560,13104,13104,0
3449,4560,13104,13104,0
3450,4560,13104,13104,0
3451,4560,13104,13104,0
3452,4560,13104,13104,0
3453,4560,13104,13104,0
3454,4560,13104,13104,0
3455,4560,13104,13104,0
3456,4560,13104,13104,0
3457,4560,13104,13104,0
3458,4560,13104,13104,0
3459,4560,13104,13104,0
3460,4560,13104,13104,0
3461,4560,13104,13104,0
3462,4560,13104,13104,0
3463,4560,13104,13104,0
3464,4560,13104,13104,0
3465,4560,13104,13104,0
3466,4560,13104,13104,0
3467,4560,13104,13104,0
3468,4560,13104,13104,0
3469,4560,13104,13104,0
3470,4560,13104,13104,0
3471,4560,13104,13104,0
3472,4560,13104,13104,0
3473,4560,13104,13104,0
3474,4560,13104,13104,0
3475,4560,13104,13104,0
3476,4560,13104,13104,0
3477,4560,13104,13104,0
3478,4560,13104,13104,0
3479,4560,13104,13104,0
3480,4560,13104,13104,0
3481,4560,13104,13104,0
3482,4560,13104,13104,0
3483,4560,13104,13104,0
3484,4560,13104,13104,0
3485,4560,13104,13104,0
3486,4560,13104,13104,0
3487,4560,13104,13104,0
3488,4560,13104,13104,0
3489,4560,13104,13104,0
3490,4560,13104,13104,0
3491,4560,13104,13104,0
3492,4560,13104,13104,0
3493,4560,13104,13104,0
3494,4560,13104,13104,0
3495,4560,13104,13104,0
3496,4560,13104,13104,0
3497,4560,13104,13104,0
3498,4560,13104,13104,0
3499,4560,13104,13104,0
3500,4560,13104,13104,0
3501,4560,13104,13104,0
3502,4560,13104,13104,0
3503,4560,13104,13104,0
3504,4560,13104,13104,0
3505,4560,13104,13104,0
3506,4560,13104,13104,0
3507,4560,13104,13104,0
3508,4560,13104,13104,0
3509,4560,13104,13104,0
3510,4560,13104,13104,0
3511,4560,13104,13104,0
3512,4560,13104,13104,0
3513,4560,13104,13104,0
3514,4560,13104,13104,0
3515,4560,13104,13104,0
3516,4560,13104,13104,0
3517,4560,13104,13104,0
3518,4560,13104,13104,0
3519,4560,13104,13104,0
3520,4560,13104,13104,0
3521,4560,13104,13104,0
3522,4560,13104,13104,0
